django, 0, 2022-01-24 01:13:53 , 404{'message': 'Not Found', 'documentation_url': 'https://docs.github.com/rest/reference/pulls#get-a-pull-request'}
django, 1388, 2022-01-24 03:13:23 , 404{'message': 'Not Found', 'documentation_url': 'https://docs.github.com/rest/reference/pulls#get-a-pull-request'}
django, 1389, 2022-01-24 03:13:24 , 404{'message': 'Not Found', 'documentation_url': 'https://docs.github.com/rest/reference/pulls#get-a-pull-request'}
django, 2718, 2022-01-24 05:11:00 , 404{'message': 'Not Found', 'documentation_url': 'https://docs.github.com/rest/reference/pulls#get-a-pull-request'}
django, 3113, 2022-01-24 05:51:17 , 404{'message': 'Not Found', 'documentation_url': 'https://docs.github.com/rest/reference/pulls#get-a-pull-request'}
django, 3587, 2022-01-24 06:39:09 , 404{'message': 'Not Found', 'documentation_url': 'https://docs.github.com/rest/reference/pulls#get-a-pull-request'}
django, 7166, 2022-01-25 02:24:56 , 404{'message': 'Not Found', 'documentation_url': 'https://docs.github.com/rest/reference/pulls#get-a-pull-request'}
django, 7167, 2022-01-25 02:24:57 , 404{'message': 'Not Found', 'documentation_url': 'https://docs.github.com/rest/reference/pulls#get-a-pull-request'}
django, 9631, 2022-01-26 23:41:25 , 404{'message': 'Not Found', 'documentation_url': 'https://docs.github.com/rest/reference/pulls#get-a-pull-request'}
django, 9845, 2022-01-27 00:01:13 , 404{'message': 'Not Found', 'documentation_url': 'https://docs.github.com/rest/reference/pulls#get-a-pull-request'}
django, 10147, 2022-01-27 00:29:02 , 404{'message': 'Not Found', 'documentation_url': 'https://docs.github.com/rest/reference/pulls#get-a-pull-request'}
django, 10148, 2022-01-27 00:29:03 , 404{'message': 'Not Found', 'documentation_url': 'https://docs.github.com/rest/reference/pulls#get-a-pull-request'}
django, 10803, 2022-01-27 01:34:03 , 404{'message': 'Not Found', 'documentation_url': 'https://docs.github.com/rest/reference/pulls#get-a-pull-request'}
django, 10805, 2022-01-27 01:34:09 , 404{'message': 'Not Found', 'documentation_url': 'https://docs.github.com/rest/reference/pulls#get-a-pull-request'}
django, 11009, 2022-01-27 01:52:58 , 404{'message': 'Not Found', 'documentation_url': 'https://docs.github.com/rest/reference/pulls#get-a-pull-request'}
django, 11268, 2022-01-27 02:16:37 , 404{'message': 'Not Found', 'documentation_url': 'https://docs.github.com/rest/reference/pulls#get-a-pull-request'}
django, 11761, 2022-01-28 01:22:32 , 404{'message': 'Not Found', 'documentation_url': 'https://docs.github.com/rest/reference/pulls#get-a-pull-request'}
django, 11762, 2022-01-28 01:22:33 , 404{'message': 'Not Found', 'documentation_url': 'https://docs.github.com/rest/reference/pulls#get-a-pull-request'}
django, 11763, 2022-01-28 01:22:35 , 404{'message': 'Not Found', 'documentation_url': 'https://docs.github.com/rest/reference/pulls#get-a-pull-request'}
django, 11764, 2022-01-28 01:22:36 , 404{'message': 'Not Found', 'documentation_url': 'https://docs.github.com/rest/reference/pulls#get-a-pull-request'}
django, 11788, 2022-01-28 01:24:53 , 404{'message': 'Not Found', 'documentation_url': 'https://docs.github.com/rest/reference/pulls#get-a-pull-request'}
django, 11987, 2022-01-28 01:43:57 , 404{'message': 'Not Found', 'documentation_url': 'https://docs.github.com/rest/reference/pulls#get-a-pull-request'}
django, 12083, 2022-01-28 01:53:13 , 404{'message': 'Not Found', 'documentation_url': 'https://docs.github.com/rest/reference/pulls#get-a-pull-request'}
django, 12084, 2022-01-28 01:53:16 , 404{'message': 'Not Found', 'documentation_url': 'https://docs.github.com/rest/reference/pulls#get-a-pull-request'}
django, 12085, 2022-01-28 01:53:17 , 404{'message': 'Not Found', 'documentation_url': 'https://docs.github.com/rest/reference/pulls#get-a-pull-request'}
django, 12086, 2022-01-28 01:53:18 , 404{'message': 'Not Found', 'documentation_url': 'https://docs.github.com/rest/reference/pulls#get-a-pull-request'}
django, 12404, 2022-01-28 02:23:54 , 404{'message': 'Not Found', 'documentation_url': 'https://docs.github.com/rest/reference/pulls#get-a-pull-request'}
django, 12766, 2022-01-28 02:58:26 , 404{'message': 'Not Found', 'documentation_url': 'https://docs.github.com/rest/reference/pulls#get-a-pull-request'}
django, 12806, 2022-01-28 03:01:57 , 404{'message': 'Not Found', 'documentation_url': 'https://docs.github.com/rest/reference/pulls#get-a-pull-request'}
django, 12849, 2022-01-28 03:05:58 , 404{'message': 'Not Found', 'documentation_url': 'https://docs.github.com/rest/reference/pulls#get-a-pull-request'}
django, 12852, 2022-01-28 03:06:09 , 404{'message': 'Not Found', 'documentation_url': 'https://docs.github.com/rest/reference/pulls#get-a-pull-request'}
django, 13068, 2022-01-28 03:26:51 , 404{'message': 'Not Found', 'documentation_url': 'https://docs.github.com/rest/reference/pulls#get-a-pull-request'}
django, 13166, 2022-01-28 19:13:36 , 404{'message': 'Not Found', 'documentation_url': 'https://docs.github.com/rest/reference/pulls#get-a-pull-request'}
django, 13182, 2022-01-28 19:15:52 , 404{'message': 'Not Found', 'documentation_url': 'https://docs.github.com/rest/reference/pulls#get-a-pull-request'}
django, 13196, 2022-01-28 19:17:57 , 404{'message': 'Not Found', 'documentation_url': 'https://docs.github.com/rest/reference/pulls#get-a-pull-request'}
django, 13471, 2022-01-28 20:25:51 , 404{'message': 'Not Found', 'documentation_url': 'https://docs.github.com/rest/reference/pulls#get-a-pull-request'}
django, 13555, 2022-01-28 21:19:33 , 404{'message': 'Not Found', 'documentation_url': 'https://docs.github.com/rest/reference/pulls#get-a-pull-request'}
django, 13699, 2022-01-28 21:40:16 , 404{'message': 'Not Found', 'documentation_url': 'https://docs.github.com/rest/reference/pulls#get-a-pull-request'}
django, 13907, 2022-01-28 22:07:09 , 404{'message': 'Not Found', 'documentation_url': 'https://docs.github.com/rest/reference/pulls#get-a-pull-request'}
django, 14008, 2022-01-28 22:19:08 , 404{'message': 'Not Found', 'documentation_url': 'https://docs.github.com/rest/reference/pulls#get-a-pull-request'}
django, 14609, 2022-01-28 23:37:35 , 404{'message': 'Not Found', 'documentation_url': 'https://docs.github.com/rest/reference/pulls#get-a-pull-request'}
django, 14821, 2022-01-29 00:13:25 , 404{'message': 'Not Found', 'documentation_url': 'https://docs.github.com/rest/reference/pulls#get-a-pull-request'}
django, 14966, 2022-01-29 02:50:58 , 404{'message': 'Not Found', 'documentation_url': 'https://docs.github.com/rest/reference/pulls#get-a-pull-request'}
django, 14987, 2022-01-29 02:52:49 , 404{'message': 'Not Found', 'documentation_url': 'https://docs.github.com/rest/reference/pulls#get-a-pull-request'}
django, 15071, 2022-01-29 03:00:34 , 404{'message': 'Not Found', 'documentation_url': 'https://docs.github.com/rest/reference/pulls#get-a-pull-request'}
django, 15084, 2022-01-29 03:01:42 , 404{'message': 'Not Found', 'documentation_url': 'https://docs.github.com/rest/reference/pulls#get-a-pull-request'}
django, 15085, 2022-01-29 03:01:44 , 404{'message': 'Not Found', 'documentation_url': 'https://docs.github.com/rest/reference/pulls#get-a-pull-request'}
django, 15092, 2022-01-29 03:02:17 , 404{'message': 'Not Found', 'documentation_url': 'https://docs.github.com/rest/reference/pulls#get-a-pull-request'}
django, 15188, 2022-01-29 03:11:15 , 404{'message': 'Not Found', 'documentation_url': 'https://docs.github.com/rest/reference/pulls#get-a-pull-request'}
django, 15281, 2022-01-29 03:20:21 , 404{'message': 'Not Found', 'documentation_url': 'https://docs.github.com/rest/reference/pulls#get-a-pull-request'}
django, 15376, 2022-01-29 03:28:55 , 404{'message': 'Not Found', 'documentation_url': 'https://docs.github.com/rest/reference/pulls#get-a-pull-request'}
django, 15377, 2022-01-29 03:28:56 , 404{'message': 'Not Found', 'documentation_url': 'https://docs.github.com/rest/reference/pulls#get-a-pull-request'}
django, 15378, 2022-01-29 03:28:57 , 404{'message': 'Not Found', 'documentation_url': 'https://docs.github.com/rest/reference/pulls#get-a-pull-request'}
django, 15379, 2022-01-29 03:28:58 , 404{'message': 'Not Found', 'documentation_url': 'https://docs.github.com/rest/reference/pulls#get-a-pull-request'}
django, 15380, 2022-01-29 03:28:59 , 404{'message': 'Not Found', 'documentation_url': 'https://docs.github.com/rest/reference/pulls#get-a-pull-request'}
django, 15381, 2022-01-29 03:29:00 , 404{'message': 'Not Found', 'documentation_url': 'https://docs.github.com/rest/reference/pulls#get-a-pull-request'}
django, 15382, 2022-01-29 03:29:02 , 404{'message': 'Not Found', 'documentation_url': 'https://docs.github.com/rest/reference/pulls#get-a-pull-request'}
django, 15383, 2022-01-29 03:29:03 , 404{'message': 'Not Found', 'documentation_url': 'https://docs.github.com/rest/reference/pulls#get-a-pull-request'}
django, 15384, 2022-01-29 03:29:04 , 404{'message': 'Not Found', 'documentation_url': 'https://docs.github.com/rest/reference/pulls#get-a-pull-request'}
django, 15385, 2022-01-29 03:29:05 , 404{'message': 'Not Found', 'documentation_url': 'https://docs.github.com/rest/reference/pulls#get-a-pull-request'}
django, 15386, 2022-01-29 03:29:06 , 404{'message': 'Not Found', 'documentation_url': 'https://docs.github.com/rest/reference/pulls#get-a-pull-request'}
django, 15387, 2022-01-29 03:29:08 , 404{'message': 'Not Found', 'documentation_url': 'https://docs.github.com/rest/reference/pulls#get-a-pull-request'}
django, 15388, 2022-01-29 03:29:09 , 404{'message': 'Not Found', 'documentation_url': 'https://docs.github.com/rest/reference/pulls#get-a-pull-request'}
django, 15389, 2022-01-29 03:29:10 , 404{'message': 'Not Found', 'documentation_url': 'https://docs.github.com/rest/reference/pulls#get-a-pull-request'}
django, 15390, 2022-01-29 03:29:11 , 404{'message': 'Not Found', 'documentation_url': 'https://docs.github.com/rest/reference/pulls#get-a-pull-request'}
django, 15391, 2022-01-29 03:29:12 , 404{'message': 'Not Found', 'documentation_url': 'https://docs.github.com/rest/reference/pulls#get-a-pull-request'}
django, 15392, 2022-01-29 03:29:14 , 404{'message': 'Not Found', 'documentation_url': 'https://docs.github.com/rest/reference/pulls#get-a-pull-request'}
django, 15393, 2022-01-29 03:29:15 , 404{'message': 'Not Found', 'documentation_url': 'https://docs.github.com/rest/reference/pulls#get-a-pull-request'}
django, 15394, 2022-01-29 03:29:16 , 404{'message': 'Not Found', 'documentation_url': 'https://docs.github.com/rest/reference/pulls#get-a-pull-request'}
django, 15395, 2022-01-29 03:29:17 , 404{'message': 'Not Found', 'documentation_url': 'https://docs.github.com/rest/reference/pulls#get-a-pull-request'}
django, 15396, 2022-01-29 03:29:18 , 404{'message': 'Not Found', 'documentation_url': 'https://docs.github.com/rest/reference/pulls#get-a-pull-request'}
django, 15397, 2022-01-29 03:29:19 , 404{'message': 'Not Found', 'documentation_url': 'https://docs.github.com/rest/reference/pulls#get-a-pull-request'}
django, 15398, 2022-01-29 03:29:21 , 404{'message': 'Not Found', 'documentation_url': 'https://docs.github.com/rest/reference/pulls#get-a-pull-request'}
django, 15399, 2022-01-29 03:29:22 , 404{'message': 'Not Found', 'documentation_url': 'https://docs.github.com/rest/reference/pulls#get-a-pull-request'}
django, 15376, 2022-01-29 09:53:20 , 404{'message': 'Not Found', 'documentation_url': 'https://docs.github.com/rest/reference/pulls#get-a-pull-request'}
django, 15377, 2022-01-29 09:53:22 , 404{'message': 'Not Found', 'documentation_url': 'https://docs.github.com/rest/reference/pulls#get-a-pull-request'}
django, 15378, 2022-01-29 09:53:23 , 404{'message': 'Not Found', 'documentation_url': 'https://docs.github.com/rest/reference/pulls#get-a-pull-request'}
django, 15379, 2022-01-29 09:53:24 , 404{'message': 'Not Found', 'documentation_url': 'https://docs.github.com/rest/reference/pulls#get-a-pull-request'}
django, 15380, 2022-01-29 09:53:26 , 404{'message': 'Not Found', 'documentation_url': 'https://docs.github.com/rest/reference/pulls#get-a-pull-request'}
django, 15381, 2022-01-29 09:53:27 , 404{'message': 'Not Found', 'documentation_url': 'https://docs.github.com/rest/reference/pulls#get-a-pull-request'}
django, 15382, 2022-01-29 09:53:28 , 404{'message': 'Not Found', 'documentation_url': 'https://docs.github.com/rest/reference/pulls#get-a-pull-request'}
django, 15383, 2022-01-29 09:53:29 , 404{'message': 'Not Found', 'documentation_url': 'https://docs.github.com/rest/reference/pulls#get-a-pull-request'}
django, 15384, 2022-01-29 09:53:30 , 404{'message': 'Not Found', 'documentation_url': 'https://docs.github.com/rest/reference/pulls#get-a-pull-request'}
django, 15385, 2022-01-29 09:53:32 , 404{'message': 'Not Found', 'documentation_url': 'https://docs.github.com/rest/reference/pulls#get-a-pull-request'}
django, 15386, 2022-01-29 09:53:33 , 404{'message': 'Not Found', 'documentation_url': 'https://docs.github.com/rest/reference/pulls#get-a-pull-request'}
django, 15387, 2022-01-29 09:53:34 , 404{'message': 'Not Found', 'documentation_url': 'https://docs.github.com/rest/reference/pulls#get-a-pull-request'}
django, 15388, 2022-01-29 09:53:35 , 404{'message': 'Not Found', 'documentation_url': 'https://docs.github.com/rest/reference/pulls#get-a-pull-request'}
django, 15389, 2022-01-29 09:53:36 , 404{'message': 'Not Found', 'documentation_url': 'https://docs.github.com/rest/reference/pulls#get-a-pull-request'}
django, 15390, 2022-01-29 09:53:37 , 404{'message': 'Not Found', 'documentation_url': 'https://docs.github.com/rest/reference/pulls#get-a-pull-request'}
django, 15391, 2022-01-29 09:53:39 , 404{'message': 'Not Found', 'documentation_url': 'https://docs.github.com/rest/reference/pulls#get-a-pull-request'}
django, 15392, 2022-01-29 09:53:40 , 404{'message': 'Not Found', 'documentation_url': 'https://docs.github.com/rest/reference/pulls#get-a-pull-request'}
django, 15393, 2022-01-29 09:53:41 , 404{'message': 'Not Found', 'documentation_url': 'https://docs.github.com/rest/reference/pulls#get-a-pull-request'}
django, 15394, 2022-01-29 09:53:42 , 404{'message': 'Not Found', 'documentation_url': 'https://docs.github.com/rest/reference/pulls#get-a-pull-request'}
django, 15395, 2022-01-29 09:53:43 , 404{'message': 'Not Found', 'documentation_url': 'https://docs.github.com/rest/reference/pulls#get-a-pull-request'}
django, 15396, 2022-01-29 09:53:44 , 404{'message': 'Not Found', 'documentation_url': 'https://docs.github.com/rest/reference/pulls#get-a-pull-request'}
django, 15397, 2022-01-29 09:53:46 , 404{'message': 'Not Found', 'documentation_url': 'https://docs.github.com/rest/reference/pulls#get-a-pull-request'}
django, 15398, 2022-01-29 09:53:47 , 404{'message': 'Not Found', 'documentation_url': 'https://docs.github.com/rest/reference/pulls#get-a-pull-request'}
django, 15399, 2022-01-29 09:53:48 , 404{'message': 'Not Found', 'documentation_url': 'https://docs.github.com/rest/reference/pulls#get-a-pull-request'}
django, 15376, 2022-01-29 11:56:15 , 404{'message': 'Not Found', 'documentation_url': 'https://docs.github.com/rest/reference/pulls#get-a-pull-request'}
django, 15377, 2022-01-29 11:56:16 , 404{'message': 'Not Found', 'documentation_url': 'https://docs.github.com/rest/reference/pulls#get-a-pull-request'}
django, 15378, 2022-01-29 11:56:18 , 404{'message': 'Not Found', 'documentation_url': 'https://docs.github.com/rest/reference/pulls#get-a-pull-request'}
django, 15379, 2022-01-29 11:56:19 , 404{'message': 'Not Found', 'documentation_url': 'https://docs.github.com/rest/reference/pulls#get-a-pull-request'}
django, 15380, 2022-01-29 11:56:20 , 404{'message': 'Not Found', 'documentation_url': 'https://docs.github.com/rest/reference/pulls#get-a-pull-request'}
django, 15381, 2022-01-29 11:56:21 , 404{'message': 'Not Found', 'documentation_url': 'https://docs.github.com/rest/reference/pulls#get-a-pull-request'}
django, 15382, 2022-01-29 11:56:22 , 404{'message': 'Not Found', 'documentation_url': 'https://docs.github.com/rest/reference/pulls#get-a-pull-request'}
django, 15383, 2022-01-29 11:56:24 , 404{'message': 'Not Found', 'documentation_url': 'https://docs.github.com/rest/reference/pulls#get-a-pull-request'}
django, 15384, 2022-01-29 11:56:25 , 404{'message': 'Not Found', 'documentation_url': 'https://docs.github.com/rest/reference/pulls#get-a-pull-request'}
django, 15385, 2022-01-29 11:56:26 , 404{'message': 'Not Found', 'documentation_url': 'https://docs.github.com/rest/reference/pulls#get-a-pull-request'}
django, 15386, 2022-01-29 11:56:27 , 404{'message': 'Not Found', 'documentation_url': 'https://docs.github.com/rest/reference/pulls#get-a-pull-request'}
django, 15387, 2022-01-29 11:56:28 , 404{'message': 'Not Found', 'documentation_url': 'https://docs.github.com/rest/reference/pulls#get-a-pull-request'}
django, 15388, 2022-01-29 11:56:29 , 404{'message': 'Not Found', 'documentation_url': 'https://docs.github.com/rest/reference/pulls#get-a-pull-request'}
django, 15389, 2022-01-29 11:56:31 , 404{'message': 'Not Found', 'documentation_url': 'https://docs.github.com/rest/reference/pulls#get-a-pull-request'}
django, 15390, 2022-01-29 11:56:32 , 404{'message': 'Not Found', 'documentation_url': 'https://docs.github.com/rest/reference/pulls#get-a-pull-request'}
django, 15391, 2022-01-29 11:56:33 , 404{'message': 'Not Found', 'documentation_url': 'https://docs.github.com/rest/reference/pulls#get-a-pull-request'}
django, 15392, 2022-01-29 11:56:34 , 404{'message': 'Not Found', 'documentation_url': 'https://docs.github.com/rest/reference/pulls#get-a-pull-request'}
django, 15393, 2022-01-29 11:56:35 , 404{'message': 'Not Found', 'documentation_url': 'https://docs.github.com/rest/reference/pulls#get-a-pull-request'}
django, 15394, 2022-01-29 11:56:36 , 404{'message': 'Not Found', 'documentation_url': 'https://docs.github.com/rest/reference/pulls#get-a-pull-request'}
django, 15395, 2022-01-29 11:56:38 , 404{'message': 'Not Found', 'documentation_url': 'https://docs.github.com/rest/reference/pulls#get-a-pull-request'}
django, 15396, 2022-01-29 11:56:39 , 404{'message': 'Not Found', 'documentation_url': 'https://docs.github.com/rest/reference/pulls#get-a-pull-request'}
django, 15397, 2022-01-29 11:56:40 , 404{'message': 'Not Found', 'documentation_url': 'https://docs.github.com/rest/reference/pulls#get-a-pull-request'}
django, 15398, 2022-01-29 11:56:41 , 404{'message': 'Not Found', 'documentation_url': 'https://docs.github.com/rest/reference/pulls#get-a-pull-request'}
django, 15399, 2022-01-29 11:56:42 , 404{'message': 'Not Found', 'documentation_url': 'https://docs.github.com/rest/reference/pulls#get-a-pull-request'}
django, 15377, 2022-01-29 22:00:40 , 404{'message': 'Not Found', 'documentation_url': 'https://docs.github.com/rest/reference/pulls#get-a-pull-request'}
django, 15378, 2022-01-29 22:00:42 , 404{'message': 'Not Found', 'documentation_url': 'https://docs.github.com/rest/reference/pulls#get-a-pull-request'}
django, 15379, 2022-01-29 22:00:43 , 404{'message': 'Not Found', 'documentation_url': 'https://docs.github.com/rest/reference/pulls#get-a-pull-request'}
django, 15380, 2022-01-29 22:00:44 , 404{'message': 'Not Found', 'documentation_url': 'https://docs.github.com/rest/reference/pulls#get-a-pull-request'}
django, 15381, 2022-01-29 22:00:46 , 404{'message': 'Not Found', 'documentation_url': 'https://docs.github.com/rest/reference/pulls#get-a-pull-request'}
django, 15382, 2022-01-29 22:00:47 , 404{'message': 'Not Found', 'documentation_url': 'https://docs.github.com/rest/reference/pulls#get-a-pull-request'}
django, 15383, 2022-01-29 22:00:48 , 404{'message': 'Not Found', 'documentation_url': 'https://docs.github.com/rest/reference/pulls#get-a-pull-request'}
django, 15384, 2022-01-29 22:00:50 , 404{'message': 'Not Found', 'documentation_url': 'https://docs.github.com/rest/reference/pulls#get-a-pull-request'}
django, 15385, 2022-01-29 22:00:51 , 404{'message': 'Not Found', 'documentation_url': 'https://docs.github.com/rest/reference/pulls#get-a-pull-request'}
django, 15386, 2022-01-29 22:00:52 , 404{'message': 'Not Found', 'documentation_url': 'https://docs.github.com/rest/reference/pulls#get-a-pull-request'}
django, 15387, 2022-01-29 22:00:54 , 404{'message': 'Not Found', 'documentation_url': 'https://docs.github.com/rest/reference/pulls#get-a-pull-request'}
django, 15388, 2022-01-29 22:00:55 , 404{'message': 'Not Found', 'documentation_url': 'https://docs.github.com/rest/reference/pulls#get-a-pull-request'}
django, 15389, 2022-01-29 22:00:57 , 404{'message': 'Not Found', 'documentation_url': 'https://docs.github.com/rest/reference/pulls#get-a-pull-request'}
django, 15390, 2022-01-29 22:00:58 , 404{'message': 'Not Found', 'documentation_url': 'https://docs.github.com/rest/reference/pulls#get-a-pull-request'}
django, 15391, 2022-01-29 22:00:59 , 404{'message': 'Not Found', 'documentation_url': 'https://docs.github.com/rest/reference/pulls#get-a-pull-request'}
django, 15392, 2022-01-29 22:01:01 , 404{'message': 'Not Found', 'documentation_url': 'https://docs.github.com/rest/reference/pulls#get-a-pull-request'}
django, 15393, 2022-01-29 22:01:02 , 404{'message': 'Not Found', 'documentation_url': 'https://docs.github.com/rest/reference/pulls#get-a-pull-request'}
django, 15394, 2022-01-29 22:01:03 , 404{'message': 'Not Found', 'documentation_url': 'https://docs.github.com/rest/reference/pulls#get-a-pull-request'}
django, 15395, 2022-01-29 22:01:05 , 404{'message': 'Not Found', 'documentation_url': 'https://docs.github.com/rest/reference/pulls#get-a-pull-request'}
django, 15396, 2022-01-29 22:01:06 , 404{'message': 'Not Found', 'documentation_url': 'https://docs.github.com/rest/reference/pulls#get-a-pull-request'}
django, 15397, 2022-01-29 22:01:07 , 404{'message': 'Not Found', 'documentation_url': 'https://docs.github.com/rest/reference/pulls#get-a-pull-request'}
django, 15398, 2022-01-29 22:01:09 , 404{'message': 'Not Found', 'documentation_url': 'https://docs.github.com/rest/reference/pulls#get-a-pull-request'}
django, 15399, 2022-01-29 22:01:10 , 404{'message': 'Not Found', 'documentation_url': 'https://docs.github.com/rest/reference/pulls#get-a-pull-request'}
django, 15378, 2022-01-30 00:33:12 , 404{'message': 'Not Found', 'documentation_url': 'https://docs.github.com/rest/reference/pulls#get-a-pull-request'}
django, 15379, 2022-01-30 00:33:18 , 404{'message': 'Not Found', 'documentation_url': 'https://docs.github.com/rest/reference/pulls#get-a-pull-request'}
django, 15380, 2022-01-30 00:33:24 , 404{'message': 'Not Found', 'documentation_url': 'https://docs.github.com/rest/reference/pulls#get-a-pull-request'}
django, 15381, 2022-01-30 00:33:32 , 404{'message': 'Not Found', 'documentation_url': 'https://docs.github.com/rest/reference/pulls#get-a-pull-request'}
django, 15382, 2022-01-30 00:33:42 , 404{'message': 'Not Found', 'documentation_url': 'https://docs.github.com/rest/reference/pulls#get-a-pull-request'}
django, 15383, 2022-01-30 00:33:46 , 404{'message': 'Not Found', 'documentation_url': 'https://docs.github.com/rest/reference/pulls#get-a-pull-request'}
django, 15384, 2022-01-30 00:33:52 , 404{'message': 'Not Found', 'documentation_url': 'https://docs.github.com/rest/reference/pulls#get-a-pull-request'}
django, 15385, 2022-01-30 00:34:02 , 404{'message': 'Not Found', 'documentation_url': 'https://docs.github.com/rest/reference/pulls#get-a-pull-request'}
django, 15386, 2022-01-30 00:34:12 , 404{'message': 'Not Found', 'documentation_url': 'https://docs.github.com/rest/reference/pulls#get-a-pull-request'}
django, 15387, 2022-01-30 00:34:17 , 404{'message': 'Not Found', 'documentation_url': 'https://docs.github.com/rest/reference/pulls#get-a-pull-request'}
django, 15388, 2022-01-30 00:34:26 , 404{'message': 'Not Found', 'documentation_url': 'https://docs.github.com/rest/reference/pulls#get-a-pull-request'}
django, 15389, 2022-01-30 00:34:35 , 404{'message': 'Not Found', 'documentation_url': 'https://docs.github.com/rest/reference/pulls#get-a-pull-request'}
django, 15390, 2022-01-30 00:34:41 , 404{'message': 'Not Found', 'documentation_url': 'https://docs.github.com/rest/reference/pulls#get-a-pull-request'}
django, 15391, 2022-01-30 00:34:46 , 404{'message': 'Not Found', 'documentation_url': 'https://docs.github.com/rest/reference/pulls#get-a-pull-request'}
django, 15392, 2022-01-30 00:34:55 , 404{'message': 'Not Found', 'documentation_url': 'https://docs.github.com/rest/reference/pulls#get-a-pull-request'}
django, 15393, 2022-01-30 00:35:02 , 404{'message': 'Not Found', 'documentation_url': 'https://docs.github.com/rest/reference/pulls#get-a-pull-request'}
django, 15394, 2022-01-30 00:35:11 , 404{'message': 'Not Found', 'documentation_url': 'https://docs.github.com/rest/reference/pulls#get-a-pull-request'}
django, 15395, 2022-01-30 00:35:20 , 404{'message': 'Not Found', 'documentation_url': 'https://docs.github.com/rest/reference/pulls#get-a-pull-request'}
django, 15396, 2022-01-30 00:35:28 , 404{'message': 'Not Found', 'documentation_url': 'https://docs.github.com/rest/reference/pulls#get-a-pull-request'}
django, 15397, 2022-01-30 00:35:33 , 404{'message': 'Not Found', 'documentation_url': 'https://docs.github.com/rest/reference/pulls#get-a-pull-request'}
django, 15398, 2022-01-30 00:35:39 , 404{'message': 'Not Found', 'documentation_url': 'https://docs.github.com/rest/reference/pulls#get-a-pull-request'}
django, 15399, 2022-01-30 00:35:48 , 404{'message': 'Not Found', 'documentation_url': 'https://docs.github.com/rest/reference/pulls#get-a-pull-request'}
django, 15378, 2022-01-30 11:23:22 , 404{'message': 'Not Found', 'documentation_url': 'https://docs.github.com/rest/reference/pulls#get-a-pull-request'}
django, 15379, 2022-01-30 11:23:24 , 404{'message': 'Not Found', 'documentation_url': 'https://docs.github.com/rest/reference/pulls#get-a-pull-request'}
django, 15380, 2022-01-30 11:23:25 , 404{'message': 'Not Found', 'documentation_url': 'https://docs.github.com/rest/reference/pulls#get-a-pull-request'}
django, 15381, 2022-01-30 11:23:27 , 404{'message': 'Not Found', 'documentation_url': 'https://docs.github.com/rest/reference/pulls#get-a-pull-request'}
django, 15382, 2022-01-30 11:23:28 , 404{'message': 'Not Found', 'documentation_url': 'https://docs.github.com/rest/reference/pulls#get-a-pull-request'}
django, 15383, 2022-01-30 11:23:29 , 404{'message': 'Not Found', 'documentation_url': 'https://docs.github.com/rest/reference/pulls#get-a-pull-request'}
django, 15384, 2022-01-30 11:23:30 , 404{'message': 'Not Found', 'documentation_url': 'https://docs.github.com/rest/reference/pulls#get-a-pull-request'}
django, 15385, 2022-01-30 11:23:32 , 404{'message': 'Not Found', 'documentation_url': 'https://docs.github.com/rest/reference/pulls#get-a-pull-request'}
django, 15386, 2022-01-30 11:23:33 , 404{'message': 'Not Found', 'documentation_url': 'https://docs.github.com/rest/reference/pulls#get-a-pull-request'}
django, 15387, 2022-01-30 11:23:34 , 404{'message': 'Not Found', 'documentation_url': 'https://docs.github.com/rest/reference/pulls#get-a-pull-request'}
django, 15388, 2022-01-30 11:23:35 , 404{'message': 'Not Found', 'documentation_url': 'https://docs.github.com/rest/reference/pulls#get-a-pull-request'}
django, 15389, 2022-01-30 11:23:37 , 404{'message': 'Not Found', 'documentation_url': 'https://docs.github.com/rest/reference/pulls#get-a-pull-request'}
django, 15390, 2022-01-30 11:23:38 , 404{'message': 'Not Found', 'documentation_url': 'https://docs.github.com/rest/reference/pulls#get-a-pull-request'}
django, 15391, 2022-01-30 11:23:39 , 404{'message': 'Not Found', 'documentation_url': 'https://docs.github.com/rest/reference/pulls#get-a-pull-request'}
django, 15392, 2022-01-30 11:23:41 , 404{'message': 'Not Found', 'documentation_url': 'https://docs.github.com/rest/reference/pulls#get-a-pull-request'}
django, 15393, 2022-01-30 11:23:43 , 404{'message': 'Not Found', 'documentation_url': 'https://docs.github.com/rest/reference/pulls#get-a-pull-request'}
django, 15394, 2022-01-30 11:23:45 , 404{'message': 'Not Found', 'documentation_url': 'https://docs.github.com/rest/reference/pulls#get-a-pull-request'}
django, 15395, 2022-01-30 11:23:46 , 404{'message': 'Not Found', 'documentation_url': 'https://docs.github.com/rest/reference/pulls#get-a-pull-request'}
django, 15396, 2022-01-30 11:23:48 , 404{'message': 'Not Found', 'documentation_url': 'https://docs.github.com/rest/reference/pulls#get-a-pull-request'}
django, 15397, 2022-01-30 11:23:50 , 404{'message': 'Not Found', 'documentation_url': 'https://docs.github.com/rest/reference/pulls#get-a-pull-request'}
django, 15398, 2022-01-30 11:23:52 , 404{'message': 'Not Found', 'documentation_url': 'https://docs.github.com/rest/reference/pulls#get-a-pull-request'}
django, 15399, 2022-01-30 11:23:53 , 404{'message': 'Not Found', 'documentation_url': 'https://docs.github.com/rest/reference/pulls#get-a-pull-request'}
django, 15379, 2022-01-31 10:07:20 , 404{'message': 'Not Found', 'documentation_url': 'https://docs.github.com/rest/reference/pulls#get-a-pull-request'}
django, 15380, 2022-01-31 10:07:22 , 404{'message': 'Not Found', 'documentation_url': 'https://docs.github.com/rest/reference/pulls#get-a-pull-request'}
django, 15381, 2022-01-31 10:07:23 , 404{'message': 'Not Found', 'documentation_url': 'https://docs.github.com/rest/reference/pulls#get-a-pull-request'}
django, 15382, 2022-01-31 10:07:24 , 404{'message': 'Not Found', 'documentation_url': 'https://docs.github.com/rest/reference/pulls#get-a-pull-request'}
django, 15383, 2022-01-31 10:07:25 , 404{'message': 'Not Found', 'documentation_url': 'https://docs.github.com/rest/reference/pulls#get-a-pull-request'}
django, 15384, 2022-01-31 10:07:28 , 404{'message': 'Not Found', 'documentation_url': 'https://docs.github.com/rest/reference/pulls#get-a-pull-request'}
django, 15385, 2022-01-31 10:07:29 , 404{'message': 'Not Found', 'documentation_url': 'https://docs.github.com/rest/reference/pulls#get-a-pull-request'}
django, 15386, 2022-01-31 10:07:31 , 404{'message': 'Not Found', 'documentation_url': 'https://docs.github.com/rest/reference/pulls#get-a-pull-request'}
django, 15387, 2022-01-31 10:07:32 , 404{'message': 'Not Found', 'documentation_url': 'https://docs.github.com/rest/reference/pulls#get-a-pull-request'}
django, 15388, 2022-01-31 10:07:33 , 404{'message': 'Not Found', 'documentation_url': 'https://docs.github.com/rest/reference/pulls#get-a-pull-request'}
django, 15389, 2022-01-31 10:07:34 , 404{'message': 'Not Found', 'documentation_url': 'https://docs.github.com/rest/reference/pulls#get-a-pull-request'}
django, 15390, 2022-01-31 10:07:35 , 404{'message': 'Not Found', 'documentation_url': 'https://docs.github.com/rest/reference/pulls#get-a-pull-request'}
django, 15391, 2022-01-31 10:07:36 , 404{'message': 'Not Found', 'documentation_url': 'https://docs.github.com/rest/reference/pulls#get-a-pull-request'}
django, 15392, 2022-01-31 10:07:37 , 404{'message': 'Not Found', 'documentation_url': 'https://docs.github.com/rest/reference/pulls#get-a-pull-request'}
django, 15393, 2022-01-31 10:07:39 , 404{'message': 'Not Found', 'documentation_url': 'https://docs.github.com/rest/reference/pulls#get-a-pull-request'}
django, 15394, 2022-01-31 10:07:40 , 404{'message': 'Not Found', 'documentation_url': 'https://docs.github.com/rest/reference/pulls#get-a-pull-request'}
django, 15395, 2022-01-31 10:07:41 , 404{'message': 'Not Found', 'documentation_url': 'https://docs.github.com/rest/reference/pulls#get-a-pull-request'}
django, 15396, 2022-01-31 10:07:42 , 404{'message': 'Not Found', 'documentation_url': 'https://docs.github.com/rest/reference/pulls#get-a-pull-request'}
django, 15397, 2022-01-31 10:07:43 , 404{'message': 'Not Found', 'documentation_url': 'https://docs.github.com/rest/reference/pulls#get-a-pull-request'}
django, 15398, 2022-01-31 10:07:44 , 404{'message': 'Not Found', 'documentation_url': 'https://docs.github.com/rest/reference/pulls#get-a-pull-request'}
django, 15399, 2022-01-31 10:07:46 , 404{'message': 'Not Found', 'documentation_url': 'https://docs.github.com/rest/reference/pulls#get-a-pull-request'}
django, 15381, 2022-02-01 16:54:45 , 404{'message': 'Not Found', 'documentation_url': 'https://docs.github.com/rest/reference/pulls#get-a-pull-request'}
django, 15382, 2022-02-01 16:54:47 , 404{'message': 'Not Found', 'documentation_url': 'https://docs.github.com/rest/reference/pulls#get-a-pull-request'}
django, 15383, 2022-02-01 16:54:48 , 404{'message': 'Not Found', 'documentation_url': 'https://docs.github.com/rest/reference/pulls#get-a-pull-request'}
django, 15384, 2022-02-01 16:54:50 , 404{'message': 'Not Found', 'documentation_url': 'https://docs.github.com/rest/reference/pulls#get-a-pull-request'}
django, 15385, 2022-02-01 16:54:51 , 404{'message': 'Not Found', 'documentation_url': 'https://docs.github.com/rest/reference/pulls#get-a-pull-request'}
django, 15386, 2022-02-01 16:54:53 , 404{'message': 'Not Found', 'documentation_url': 'https://docs.github.com/rest/reference/pulls#get-a-pull-request'}
django, 15387, 2022-02-01 16:54:54 , 404{'message': 'Not Found', 'documentation_url': 'https://docs.github.com/rest/reference/pulls#get-a-pull-request'}
django, 15388, 2022-02-01 16:54:56 , 404{'message': 'Not Found', 'documentation_url': 'https://docs.github.com/rest/reference/pulls#get-a-pull-request'}
django, 15389, 2022-02-01 16:54:57 , 404{'message': 'Not Found', 'documentation_url': 'https://docs.github.com/rest/reference/pulls#get-a-pull-request'}
django, 15390, 2022-02-01 16:54:59 , 404{'message': 'Not Found', 'documentation_url': 'https://docs.github.com/rest/reference/pulls#get-a-pull-request'}
django, 15391, 2022-02-01 16:55:00 , 404{'message': 'Not Found', 'documentation_url': 'https://docs.github.com/rest/reference/pulls#get-a-pull-request'}
django, 15392, 2022-02-01 16:55:02 , 404{'message': 'Not Found', 'documentation_url': 'https://docs.github.com/rest/reference/pulls#get-a-pull-request'}
django, 15393, 2022-02-01 16:55:03 , 404{'message': 'Not Found', 'documentation_url': 'https://docs.github.com/rest/reference/pulls#get-a-pull-request'}
django, 15394, 2022-02-01 16:55:05 , 404{'message': 'Not Found', 'documentation_url': 'https://docs.github.com/rest/reference/pulls#get-a-pull-request'}
django, 15395, 2022-02-01 16:55:06 , 404{'message': 'Not Found', 'documentation_url': 'https://docs.github.com/rest/reference/pulls#get-a-pull-request'}
django, 15396, 2022-02-01 16:55:07 , 404{'message': 'Not Found', 'documentation_url': 'https://docs.github.com/rest/reference/pulls#get-a-pull-request'}
django, 15397, 2022-02-01 16:55:09 , 404{'message': 'Not Found', 'documentation_url': 'https://docs.github.com/rest/reference/pulls#get-a-pull-request'}
django, 15398, 2022-02-01 16:55:10 , 404{'message': 'Not Found', 'documentation_url': 'https://docs.github.com/rest/reference/pulls#get-a-pull-request'}
django, 15399, 2022-02-01 16:55:12 , 404{'message': 'Not Found', 'documentation_url': 'https://docs.github.com/rest/reference/pulls#get-a-pull-request'}
django, 15381, 2022-02-01 19:20:28 , 404{'message': 'Not Found', 'documentation_url': 'https://docs.github.com/rest/reference/pulls#get-a-pull-request'}
django, 15382, 2022-02-01 19:20:30 , 404{'message': 'Not Found', 'documentation_url': 'https://docs.github.com/rest/reference/pulls#get-a-pull-request'}
django, 15383, 2022-02-01 19:20:34 , 404{'message': 'Not Found', 'documentation_url': 'https://docs.github.com/rest/reference/pulls#get-a-pull-request'}
django, 15384, 2022-02-01 19:20:36 , 404{'message': 'Not Found', 'documentation_url': 'https://docs.github.com/rest/reference/pulls#get-a-pull-request'}
django, 15385, 2022-02-01 19:20:38 , 404{'message': 'Not Found', 'documentation_url': 'https://docs.github.com/rest/reference/pulls#get-a-pull-request'}
django, 15386, 2022-02-01 19:20:41 , 404{'message': 'Not Found', 'documentation_url': 'https://docs.github.com/rest/reference/pulls#get-a-pull-request'}
django, 15387, 2022-02-01 19:20:42 , 404{'message': 'Not Found', 'documentation_url': 'https://docs.github.com/rest/reference/pulls#get-a-pull-request'}
django, 15388, 2022-02-01 19:20:45 , 404{'message': 'Not Found', 'documentation_url': 'https://docs.github.com/rest/reference/pulls#get-a-pull-request'}
django, 15389, 2022-02-01 19:20:47 , 404{'message': 'Not Found', 'documentation_url': 'https://docs.github.com/rest/reference/pulls#get-a-pull-request'}
django, 15390, 2022-02-01 19:20:50 , 404{'message': 'Not Found', 'documentation_url': 'https://docs.github.com/rest/reference/pulls#get-a-pull-request'}
django, 15391, 2022-02-01 19:20:52 , 404{'message': 'Not Found', 'documentation_url': 'https://docs.github.com/rest/reference/pulls#get-a-pull-request'}
django, 15392, 2022-02-01 19:20:54 , 404{'message': 'Not Found', 'documentation_url': 'https://docs.github.com/rest/reference/pulls#get-a-pull-request'}
django, 15393, 2022-02-01 19:20:56 , 404{'message': 'Not Found', 'documentation_url': 'https://docs.github.com/rest/reference/pulls#get-a-pull-request'}
django, 15394, 2022-02-01 19:20:58 , 404{'message': 'Not Found', 'documentation_url': 'https://docs.github.com/rest/reference/pulls#get-a-pull-request'}
django, 15395, 2022-02-01 19:21:01 , 404{'message': 'Not Found', 'documentation_url': 'https://docs.github.com/rest/reference/pulls#get-a-pull-request'}
django, 15396, 2022-02-01 19:21:02 , 404{'message': 'Not Found', 'documentation_url': 'https://docs.github.com/rest/reference/pulls#get-a-pull-request'}
django, 15397, 2022-02-01 19:21:06 , 404{'message': 'Not Found', 'documentation_url': 'https://docs.github.com/rest/reference/pulls#get-a-pull-request'}
django, 15398, 2022-02-01 19:21:09 , 404{'message': 'Not Found', 'documentation_url': 'https://docs.github.com/rest/reference/pulls#get-a-pull-request'}
django, 15399, 2022-02-01 19:21:13 , 404{'message': 'Not Found', 'documentation_url': 'https://docs.github.com/rest/reference/pulls#get-a-pull-request'}
django, 15383, 2022-02-02 04:03:08 , 404{'message': 'Not Found', 'documentation_url': 'https://docs.github.com/rest/reference/pulls#get-a-pull-request'}
django, 15384, 2022-02-02 04:03:10 , 404{'message': 'Not Found', 'documentation_url': 'https://docs.github.com/rest/reference/pulls#get-a-pull-request'}
django, 15385, 2022-02-02 04:03:11 , 404{'message': 'Not Found', 'documentation_url': 'https://docs.github.com/rest/reference/pulls#get-a-pull-request'}
django, 15386, 2022-02-02 04:03:12 , 404{'message': 'Not Found', 'documentation_url': 'https://docs.github.com/rest/reference/pulls#get-a-pull-request'}
django, 15387, 2022-02-02 04:03:14 , 404{'message': 'Not Found', 'documentation_url': 'https://docs.github.com/rest/reference/pulls#get-a-pull-request'}
django, 15388, 2022-02-02 04:03:15 , 404{'message': 'Not Found', 'documentation_url': 'https://docs.github.com/rest/reference/pulls#get-a-pull-request'}
django, 15389, 2022-02-02 04:03:17 , 404{'message': 'Not Found', 'documentation_url': 'https://docs.github.com/rest/reference/pulls#get-a-pull-request'}
django, 15390, 2022-02-02 04:03:18 , 404{'message': 'Not Found', 'documentation_url': 'https://docs.github.com/rest/reference/pulls#get-a-pull-request'}
django, 15391, 2022-02-02 04:03:19 , 404{'message': 'Not Found', 'documentation_url': 'https://docs.github.com/rest/reference/pulls#get-a-pull-request'}
django, 15392, 2022-02-02 04:03:21 , 404{'message': 'Not Found', 'documentation_url': 'https://docs.github.com/rest/reference/pulls#get-a-pull-request'}
django, 15393, 2022-02-02 04:03:22 , 404{'message': 'Not Found', 'documentation_url': 'https://docs.github.com/rest/reference/pulls#get-a-pull-request'}
django, 15394, 2022-02-02 04:03:24 , 404{'message': 'Not Found', 'documentation_url': 'https://docs.github.com/rest/reference/pulls#get-a-pull-request'}
django, 15395, 2022-02-02 04:03:25 , 404{'message': 'Not Found', 'documentation_url': 'https://docs.github.com/rest/reference/pulls#get-a-pull-request'}
django, 15396, 2022-02-02 04:03:27 , 404{'message': 'Not Found', 'documentation_url': 'https://docs.github.com/rest/reference/pulls#get-a-pull-request'}
django, 15397, 2022-02-02 04:03:28 , 404{'message': 'Not Found', 'documentation_url': 'https://docs.github.com/rest/reference/pulls#get-a-pull-request'}
django, 15398, 2022-02-02 04:03:29 , 404{'message': 'Not Found', 'documentation_url': 'https://docs.github.com/rest/reference/pulls#get-a-pull-request'}
django, 15399, 2022-02-02 04:03:31 , 404{'message': 'Not Found', 'documentation_url': 'https://docs.github.com/rest/reference/pulls#get-a-pull-request'}
django, 15393, 2022-02-03 13:32:39 , 404{'message': 'Not Found', 'documentation_url': 'https://docs.github.com/rest/reference/pulls#get-a-pull-request'}
django, 15394, 2022-02-03 13:32:40 , 404{'message': 'Not Found', 'documentation_url': 'https://docs.github.com/rest/reference/pulls#get-a-pull-request'}
django, 15395, 2022-02-03 13:32:42 , 404{'message': 'Not Found', 'documentation_url': 'https://docs.github.com/rest/reference/pulls#get-a-pull-request'}
django, 15396, 2022-02-03 13:32:44 , 404{'message': 'Not Found', 'documentation_url': 'https://docs.github.com/rest/reference/pulls#get-a-pull-request'}
django, 15397, 2022-02-03 13:32:45 , 404{'message': 'Not Found', 'documentation_url': 'https://docs.github.com/rest/reference/pulls#get-a-pull-request'}
django, 15398, 2022-02-03 13:32:46 , 404{'message': 'Not Found', 'documentation_url': 'https://docs.github.com/rest/reference/pulls#get-a-pull-request'}
django, 15399, 2022-02-03 13:32:48 , 404{'message': 'Not Found', 'documentation_url': 'https://docs.github.com/rest/reference/pulls#get-a-pull-request'}
django, 15397, 2022-02-04 20:08:41 , 404{'message': 'Not Found', 'documentation_url': 'https://docs.github.com/rest/reference/pulls#get-a-pull-request'}
django, 15398, 2022-02-04 20:08:43 , 404{'message': 'Not Found', 'documentation_url': 'https://docs.github.com/rest/reference/pulls#get-a-pull-request'}
django, 15399, 2022-02-04 20:08:45 , 404{'message': 'Not Found', 'documentation_url': 'https://docs.github.com/rest/reference/pulls#get-a-pull-request'}
django, 7166, 2022-02-25 17:33:35 , 404{'message': 'Not Found', 'documentation_url': 'https://docs.github.com/rest/reference/pulls#get-a-pull-request'}
django, 7167, 2022-02-25 17:33:36 , 404{'message': 'Not Found', 'documentation_url': 'https://docs.github.com/rest/reference/pulls#get-a-pull-request'}
django, 15399, 2022-02-25 18:59:07 , 404{'message': 'Not Found', 'documentation_url': 'https://docs.github.com/rest/reference/pulls#get-a-pull-request'}
