flume, 0, 2022-01-20 01:13:42 , 404{'message': 'Not Found', 'documentation_url': 'https://docs.github.com/rest/reference/pulls#get-a-pull-request'}
flume, 179, 2022-01-20 01:28:20 , 404{'message': 'Not Found', 'documentation_url': 'https://docs.github.com/rest/reference/pulls#get-a-pull-request'}
flume, 259, 2022-01-20 01:34:28 , 404{'message': 'Not Found', 'documentation_url': 'https://docs.github.com/rest/reference/pulls#get-a-pull-request'}
flume, 260, 2022-01-20 01:34:29 , 404{'message': 'Not Found', 'documentation_url': 'https://docs.github.com/rest/reference/pulls#get-a-pull-request'}
flume, 261, 2022-01-20 01:34:30 , 404{'message': 'Not Found', 'documentation_url': 'https://docs.github.com/rest/reference/pulls#get-a-pull-request'}
flume, 262, 2022-01-20 01:34:30 , 404{'message': 'Not Found', 'documentation_url': 'https://docs.github.com/rest/reference/pulls#get-a-pull-request'}
flume, 263, 2022-01-20 01:34:31 , 404{'message': 'Not Found', 'documentation_url': 'https://docs.github.com/rest/reference/pulls#get-a-pull-request'}
flume, 264, 2022-01-20 01:34:32 , 404{'message': 'Not Found', 'documentation_url': 'https://docs.github.com/rest/reference/pulls#get-a-pull-request'}
flume, 265, 2022-01-20 01:34:33 , 404{'message': 'Not Found', 'documentation_url': 'https://docs.github.com/rest/reference/pulls#get-a-pull-request'}
flume, 266, 2022-01-20 01:34:34 , 404{'message': 'Not Found', 'documentation_url': 'https://docs.github.com/rest/reference/pulls#get-a-pull-request'}
flume, 267, 2022-01-20 01:34:35 , 404{'message': 'Not Found', 'documentation_url': 'https://docs.github.com/rest/reference/pulls#get-a-pull-request'}
flume, 268, 2022-01-20 01:34:36 , 404{'message': 'Not Found', 'documentation_url': 'https://docs.github.com/rest/reference/pulls#get-a-pull-request'}
flume, 351, 2022-01-20 01:40:37 , 404{'message': 'Not Found', 'documentation_url': 'https://docs.github.com/rest/reference/pulls#get-a-pull-request'}
flume, 352, 2022-01-20 01:40:38 , 404{'message': 'Not Found', 'documentation_url': 'https://docs.github.com/rest/reference/pulls#get-a-pull-request'}
flume, 353, 2022-01-20 01:40:39 , 404{'message': 'Not Found', 'documentation_url': 'https://docs.github.com/rest/reference/pulls#get-a-pull-request'}
flume, 354, 2022-01-20 01:40:40 , 404{'message': 'Not Found', 'documentation_url': 'https://docs.github.com/rest/reference/pulls#get-a-pull-request'}
flume, 355, 2022-01-20 01:40:41 , 404{'message': 'Not Found', 'documentation_url': 'https://docs.github.com/rest/reference/pulls#get-a-pull-request'}
flume, 356, 2022-01-20 01:40:42 , 404{'message': 'Not Found', 'documentation_url': 'https://docs.github.com/rest/reference/pulls#get-a-pull-request'}
flume, 357, 2022-01-20 01:40:43 , 404{'message': 'Not Found', 'documentation_url': 'https://docs.github.com/rest/reference/pulls#get-a-pull-request'}
flume, 358, 2022-01-20 01:40:44 , 404{'message': 'Not Found', 'documentation_url': 'https://docs.github.com/rest/reference/pulls#get-a-pull-request'}
flume, 359, 2022-01-20 01:40:45 , 404{'message': 'Not Found', 'documentation_url': 'https://docs.github.com/rest/reference/pulls#get-a-pull-request'}
flume, 360, 2022-01-20 01:40:46 , 404{'message': 'Not Found', 'documentation_url': 'https://docs.github.com/rest/reference/pulls#get-a-pull-request'}
flume, 361, 2022-01-20 01:40:47 , 404{'message': 'Not Found', 'documentation_url': 'https://docs.github.com/rest/reference/pulls#get-a-pull-request'}
flume, 362, 2022-01-20 01:40:48 , 404{'message': 'Not Found', 'documentation_url': 'https://docs.github.com/rest/reference/pulls#get-a-pull-request'}
flume, 363, 2022-01-20 01:40:49 , 404{'message': 'Not Found', 'documentation_url': 'https://docs.github.com/rest/reference/pulls#get-a-pull-request'}
flume, 364, 2022-01-20 01:40:50 , 404{'message': 'Not Found', 'documentation_url': 'https://docs.github.com/rest/reference/pulls#get-a-pull-request'}
flume, 365, 2022-01-20 01:40:51 , 404{'message': 'Not Found', 'documentation_url': 'https://docs.github.com/rest/reference/pulls#get-a-pull-request'}
flume, 366, 2022-01-20 01:40:52 , 404{'message': 'Not Found', 'documentation_url': 'https://docs.github.com/rest/reference/pulls#get-a-pull-request'}
flume, 367, 2022-01-20 01:40:53 , 404{'message': 'Not Found', 'documentation_url': 'https://docs.github.com/rest/reference/pulls#get-a-pull-request'}
flume, 368, 2022-01-20 01:40:54 , 404{'message': 'Not Found', 'documentation_url': 'https://docs.github.com/rest/reference/pulls#get-a-pull-request'}
flume, 369, 2022-01-20 01:40:54 , 404{'message': 'Not Found', 'documentation_url': 'https://docs.github.com/rest/reference/pulls#get-a-pull-request'}
flume, 370, 2022-01-20 01:40:55 , 404{'message': 'Not Found', 'documentation_url': 'https://docs.github.com/rest/reference/pulls#get-a-pull-request'}
flume, 371, 2022-01-20 01:40:56 , 404{'message': 'Not Found', 'documentation_url': 'https://docs.github.com/rest/reference/pulls#get-a-pull-request'}
flume, 372, 2022-01-20 01:40:57 , 404{'message': 'Not Found', 'documentation_url': 'https://docs.github.com/rest/reference/pulls#get-a-pull-request'}
flume, 373, 2022-01-20 01:40:58 , 404{'message': 'Not Found', 'documentation_url': 'https://docs.github.com/rest/reference/pulls#get-a-pull-request'}
flume, 374, 2022-01-20 01:40:59 , 404{'message': 'Not Found', 'documentation_url': 'https://docs.github.com/rest/reference/pulls#get-a-pull-request'}
flume, 375, 2022-01-20 01:41:00 , 404{'message': 'Not Found', 'documentation_url': 'https://docs.github.com/rest/reference/pulls#get-a-pull-request'}
flume, 376, 2022-01-20 01:41:01 , 404{'message': 'Not Found', 'documentation_url': 'https://docs.github.com/rest/reference/pulls#get-a-pull-request'}
flume, 377, 2022-01-20 01:41:02 , 404{'message': 'Not Found', 'documentation_url': 'https://docs.github.com/rest/reference/pulls#get-a-pull-request'}
flume, 378, 2022-01-20 01:41:03 , 404{'message': 'Not Found', 'documentation_url': 'https://docs.github.com/rest/reference/pulls#get-a-pull-request'}
flume, 379, 2022-01-20 01:41:04 , 404{'message': 'Not Found', 'documentation_url': 'https://docs.github.com/rest/reference/pulls#get-a-pull-request'}
flume, 380, 2022-01-20 01:41:05 , 404{'message': 'Not Found', 'documentation_url': 'https://docs.github.com/rest/reference/pulls#get-a-pull-request'}
flume, 381, 2022-01-20 01:41:06 , 404{'message': 'Not Found', 'documentation_url': 'https://docs.github.com/rest/reference/pulls#get-a-pull-request'}
flume, 382, 2022-01-20 01:41:07 , 404{'message': 'Not Found', 'documentation_url': 'https://docs.github.com/rest/reference/pulls#get-a-pull-request'}
flume, 383, 2022-01-20 01:41:08 , 404{'message': 'Not Found', 'documentation_url': 'https://docs.github.com/rest/reference/pulls#get-a-pull-request'}
flume, 384, 2022-01-20 01:41:09 , 404{'message': 'Not Found', 'documentation_url': 'https://docs.github.com/rest/reference/pulls#get-a-pull-request'}
flume, 385, 2022-01-20 01:41:10 , 404{'message': 'Not Found', 'documentation_url': 'https://docs.github.com/rest/reference/pulls#get-a-pull-request'}
flume, 386, 2022-01-20 01:41:11 , 404{'message': 'Not Found', 'documentation_url': 'https://docs.github.com/rest/reference/pulls#get-a-pull-request'}
flume, 387, 2022-01-20 01:41:12 , 404{'message': 'Not Found', 'documentation_url': 'https://docs.github.com/rest/reference/pulls#get-a-pull-request'}
flume, 388, 2022-01-20 01:41:12 , 404{'message': 'Not Found', 'documentation_url': 'https://docs.github.com/rest/reference/pulls#get-a-pull-request'}
flume, 389, 2022-01-20 01:41:13 , 404{'message': 'Not Found', 'documentation_url': 'https://docs.github.com/rest/reference/pulls#get-a-pull-request'}
flume, 390, 2022-01-20 01:41:15 , 404{'message': 'Not Found', 'documentation_url': 'https://docs.github.com/rest/reference/pulls#get-a-pull-request'}
flume, 391, 2022-01-20 01:41:16 , 404{'message': 'Not Found', 'documentation_url': 'https://docs.github.com/rest/reference/pulls#get-a-pull-request'}
flume, 392, 2022-01-20 01:41:17 , 404{'message': 'Not Found', 'documentation_url': 'https://docs.github.com/rest/reference/pulls#get-a-pull-request'}
flume, 393, 2022-01-20 01:41:18 , 404{'message': 'Not Found', 'documentation_url': 'https://docs.github.com/rest/reference/pulls#get-a-pull-request'}
flume, 394, 2022-01-20 01:41:19 , 404{'message': 'Not Found', 'documentation_url': 'https://docs.github.com/rest/reference/pulls#get-a-pull-request'}
flume, 395, 2022-01-20 01:41:20 , 404{'message': 'Not Found', 'documentation_url': 'https://docs.github.com/rest/reference/pulls#get-a-pull-request'}
flume, 396, 2022-01-20 01:41:21 , 404{'message': 'Not Found', 'documentation_url': 'https://docs.github.com/rest/reference/pulls#get-a-pull-request'}
flume, 397, 2022-01-20 01:41:22 , 404{'message': 'Not Found', 'documentation_url': 'https://docs.github.com/rest/reference/pulls#get-a-pull-request'}
flume, 398, 2022-01-20 01:41:23 , 404{'message': 'Not Found', 'documentation_url': 'https://docs.github.com/rest/reference/pulls#get-a-pull-request'}
flume, 399, 2022-01-20 01:41:24 , 404{'message': 'Not Found', 'documentation_url': 'https://docs.github.com/rest/reference/pulls#get-a-pull-request'}
flume, 351, 2022-01-20 11:45:13 , 404{'message': 'Not Found', 'documentation_url': 'https://docs.github.com/rest/reference/pulls#get-a-pull-request'}
flume, 352, 2022-01-20 11:45:14 , 404{'message': 'Not Found', 'documentation_url': 'https://docs.github.com/rest/reference/pulls#get-a-pull-request'}
flume, 353, 2022-01-20 11:45:15 , 404{'message': 'Not Found', 'documentation_url': 'https://docs.github.com/rest/reference/pulls#get-a-pull-request'}
flume, 354, 2022-01-20 11:45:16 , 404{'message': 'Not Found', 'documentation_url': 'https://docs.github.com/rest/reference/pulls#get-a-pull-request'}
flume, 355, 2022-01-20 11:45:17 , 404{'message': 'Not Found', 'documentation_url': 'https://docs.github.com/rest/reference/pulls#get-a-pull-request'}
flume, 356, 2022-01-20 11:45:17 , 404{'message': 'Not Found', 'documentation_url': 'https://docs.github.com/rest/reference/pulls#get-a-pull-request'}
flume, 357, 2022-01-20 11:45:18 , 404{'message': 'Not Found', 'documentation_url': 'https://docs.github.com/rest/reference/pulls#get-a-pull-request'}
flume, 358, 2022-01-20 11:45:19 , 404{'message': 'Not Found', 'documentation_url': 'https://docs.github.com/rest/reference/pulls#get-a-pull-request'}
flume, 359, 2022-01-20 11:45:21 , 404{'message': 'Not Found', 'documentation_url': 'https://docs.github.com/rest/reference/pulls#get-a-pull-request'}
flume, 360, 2022-01-20 11:45:22 , 404{'message': 'Not Found', 'documentation_url': 'https://docs.github.com/rest/reference/pulls#get-a-pull-request'}
flume, 361, 2022-01-20 11:45:23 , 404{'message': 'Not Found', 'documentation_url': 'https://docs.github.com/rest/reference/pulls#get-a-pull-request'}
flume, 362, 2022-01-20 11:45:24 , 404{'message': 'Not Found', 'documentation_url': 'https://docs.github.com/rest/reference/pulls#get-a-pull-request'}
flume, 363, 2022-01-20 11:45:25 , 404{'message': 'Not Found', 'documentation_url': 'https://docs.github.com/rest/reference/pulls#get-a-pull-request'}
flume, 364, 2022-01-20 11:45:26 , 404{'message': 'Not Found', 'documentation_url': 'https://docs.github.com/rest/reference/pulls#get-a-pull-request'}
flume, 365, 2022-01-20 11:45:27 , 404{'message': 'Not Found', 'documentation_url': 'https://docs.github.com/rest/reference/pulls#get-a-pull-request'}
flume, 366, 2022-01-20 11:45:28 , 404{'message': 'Not Found', 'documentation_url': 'https://docs.github.com/rest/reference/pulls#get-a-pull-request'}
flume, 367, 2022-01-20 11:45:29 , 404{'message': 'Not Found', 'documentation_url': 'https://docs.github.com/rest/reference/pulls#get-a-pull-request'}
flume, 368, 2022-01-20 11:45:30 , 404{'message': 'Not Found', 'documentation_url': 'https://docs.github.com/rest/reference/pulls#get-a-pull-request'}
flume, 369, 2022-01-20 11:45:30 , 404{'message': 'Not Found', 'documentation_url': 'https://docs.github.com/rest/reference/pulls#get-a-pull-request'}
flume, 370, 2022-01-20 11:45:31 , 404{'message': 'Not Found', 'documentation_url': 'https://docs.github.com/rest/reference/pulls#get-a-pull-request'}
flume, 371, 2022-01-20 11:45:32 , 404{'message': 'Not Found', 'documentation_url': 'https://docs.github.com/rest/reference/pulls#get-a-pull-request'}
flume, 372, 2022-01-20 11:45:33 , 404{'message': 'Not Found', 'documentation_url': 'https://docs.github.com/rest/reference/pulls#get-a-pull-request'}
flume, 373, 2022-01-20 11:45:34 , 404{'message': 'Not Found', 'documentation_url': 'https://docs.github.com/rest/reference/pulls#get-a-pull-request'}
flume, 374, 2022-01-20 11:45:35 , 404{'message': 'Not Found', 'documentation_url': 'https://docs.github.com/rest/reference/pulls#get-a-pull-request'}
flume, 375, 2022-01-20 11:45:36 , 404{'message': 'Not Found', 'documentation_url': 'https://docs.github.com/rest/reference/pulls#get-a-pull-request'}
flume, 376, 2022-01-20 11:45:37 , 404{'message': 'Not Found', 'documentation_url': 'https://docs.github.com/rest/reference/pulls#get-a-pull-request'}
flume, 377, 2022-01-20 11:45:38 , 404{'message': 'Not Found', 'documentation_url': 'https://docs.github.com/rest/reference/pulls#get-a-pull-request'}
flume, 378, 2022-01-20 11:45:40 , 404{'message': 'Not Found', 'documentation_url': 'https://docs.github.com/rest/reference/pulls#get-a-pull-request'}
flume, 379, 2022-01-20 11:45:41 , 404{'message': 'Not Found', 'documentation_url': 'https://docs.github.com/rest/reference/pulls#get-a-pull-request'}
flume, 380, 2022-01-20 11:45:42 , 404{'message': 'Not Found', 'documentation_url': 'https://docs.github.com/rest/reference/pulls#get-a-pull-request'}
flume, 381, 2022-01-20 11:45:43 , 404{'message': 'Not Found', 'documentation_url': 'https://docs.github.com/rest/reference/pulls#get-a-pull-request'}
flume, 382, 2022-01-20 11:45:44 , 404{'message': 'Not Found', 'documentation_url': 'https://docs.github.com/rest/reference/pulls#get-a-pull-request'}
flume, 383, 2022-01-20 11:45:45 , 404{'message': 'Not Found', 'documentation_url': 'https://docs.github.com/rest/reference/pulls#get-a-pull-request'}
flume, 384, 2022-01-20 11:45:46 , 404{'message': 'Not Found', 'documentation_url': 'https://docs.github.com/rest/reference/pulls#get-a-pull-request'}
flume, 385, 2022-01-20 11:45:47 , 404{'message': 'Not Found', 'documentation_url': 'https://docs.github.com/rest/reference/pulls#get-a-pull-request'}
flume, 386, 2022-01-20 11:45:48 , 404{'message': 'Not Found', 'documentation_url': 'https://docs.github.com/rest/reference/pulls#get-a-pull-request'}
flume, 387, 2022-01-20 11:45:49 , 404{'message': 'Not Found', 'documentation_url': 'https://docs.github.com/rest/reference/pulls#get-a-pull-request'}
flume, 388, 2022-01-20 11:45:50 , 404{'message': 'Not Found', 'documentation_url': 'https://docs.github.com/rest/reference/pulls#get-a-pull-request'}
flume, 389, 2022-01-20 11:45:52 , 404{'message': 'Not Found', 'documentation_url': 'https://docs.github.com/rest/reference/pulls#get-a-pull-request'}
flume, 390, 2022-01-20 11:45:53 , 404{'message': 'Not Found', 'documentation_url': 'https://docs.github.com/rest/reference/pulls#get-a-pull-request'}
flume, 391, 2022-01-20 11:45:54 , 404{'message': 'Not Found', 'documentation_url': 'https://docs.github.com/rest/reference/pulls#get-a-pull-request'}
flume, 392, 2022-01-20 11:45:55 , 404{'message': 'Not Found', 'documentation_url': 'https://docs.github.com/rest/reference/pulls#get-a-pull-request'}
flume, 393, 2022-01-20 11:45:56 , 404{'message': 'Not Found', 'documentation_url': 'https://docs.github.com/rest/reference/pulls#get-a-pull-request'}
flume, 394, 2022-01-20 11:45:57 , 404{'message': 'Not Found', 'documentation_url': 'https://docs.github.com/rest/reference/pulls#get-a-pull-request'}
flume, 395, 2022-01-20 11:45:58 , 404{'message': 'Not Found', 'documentation_url': 'https://docs.github.com/rest/reference/pulls#get-a-pull-request'}
flume, 396, 2022-01-20 11:45:59 , 404{'message': 'Not Found', 'documentation_url': 'https://docs.github.com/rest/reference/pulls#get-a-pull-request'}
flume, 397, 2022-01-20 11:46:00 , 404{'message': 'Not Found', 'documentation_url': 'https://docs.github.com/rest/reference/pulls#get-a-pull-request'}
flume, 398, 2022-01-20 11:46:01 , 404{'message': 'Not Found', 'documentation_url': 'https://docs.github.com/rest/reference/pulls#get-a-pull-request'}
flume, 399, 2022-01-20 11:46:01 , 404{'message': 'Not Found', 'documentation_url': 'https://docs.github.com/rest/reference/pulls#get-a-pull-request'}
