groovy, 0, 2022-01-19 20:05:20 , 404{'message': 'Not Found', 'documentation_url': 'https://docs.github.com/rest/reference/pulls#get-a-pull-request'}
groovy, 1667, 2022-01-19 22:22:20 , 404{'message': 'Not Found', 'documentation_url': 'https://docs.github.com/rest/reference/pulls#get-a-pull-request'}
groovy, 1678, 2022-01-19 22:23:17 , 404{'message': 'Not Found', 'documentation_url': 'https://docs.github.com/rest/reference/pulls#get-a-pull-request'}
groovy, 1679, 2022-01-19 22:23:18 , 404{'message': 'Not Found', 'documentation_url': 'https://docs.github.com/rest/reference/pulls#get-a-pull-request'}
groovy, 1680, 2022-01-19 22:23:19 , 404{'message': 'Not Found', 'documentation_url': 'https://docs.github.com/rest/reference/pulls#get-a-pull-request'}
groovy, 1681, 2022-01-19 22:23:20 , 404{'message': 'Not Found', 'documentation_url': 'https://docs.github.com/rest/reference/pulls#get-a-pull-request'}
groovy, 1682, 2022-01-19 22:23:21 , 404{'message': 'Not Found', 'documentation_url': 'https://docs.github.com/rest/reference/pulls#get-a-pull-request'}
groovy, 1683, 2022-01-19 22:23:22 , 404{'message': 'Not Found', 'documentation_url': 'https://docs.github.com/rest/reference/pulls#get-a-pull-request'}
groovy, 1684, 2022-01-19 22:23:23 , 404{'message': 'Not Found', 'documentation_url': 'https://docs.github.com/rest/reference/pulls#get-a-pull-request'}
groovy, 1685, 2022-01-19 22:23:24 , 404{'message': 'Not Found', 'documentation_url': 'https://docs.github.com/rest/reference/pulls#get-a-pull-request'}
groovy, 1686, 2022-01-19 22:23:25 , 404{'message': 'Not Found', 'documentation_url': 'https://docs.github.com/rest/reference/pulls#get-a-pull-request'}
groovy, 1687, 2022-01-19 22:23:26 , 404{'message': 'Not Found', 'documentation_url': 'https://docs.github.com/rest/reference/pulls#get-a-pull-request'}
groovy, 1688, 2022-01-19 22:23:27 , 404{'message': 'Not Found', 'documentation_url': 'https://docs.github.com/rest/reference/pulls#get-a-pull-request'}
groovy, 1689, 2022-01-19 22:23:28 , 404{'message': 'Not Found', 'documentation_url': 'https://docs.github.com/rest/reference/pulls#get-a-pull-request'}
groovy, 1690, 2022-01-19 22:23:29 , 404{'message': 'Not Found', 'documentation_url': 'https://docs.github.com/rest/reference/pulls#get-a-pull-request'}
groovy, 1691, 2022-01-19 22:23:37 , 404{'message': 'Not Found', 'documentation_url': 'https://docs.github.com/rest/reference/pulls#get-a-pull-request'}
groovy, 1692, 2022-01-19 22:23:40 , 404{'message': 'Not Found', 'documentation_url': 'https://docs.github.com/rest/reference/pulls#get-a-pull-request'}
groovy, 1693, 2022-01-19 22:23:41 , 404{'message': 'Not Found', 'documentation_url': 'https://docs.github.com/rest/reference/pulls#get-a-pull-request'}
groovy, 1694, 2022-01-19 22:23:42 , 404{'message': 'Not Found', 'documentation_url': 'https://docs.github.com/rest/reference/pulls#get-a-pull-request'}
groovy, 1695, 2022-01-19 22:23:43 , 404{'message': 'Not Found', 'documentation_url': 'https://docs.github.com/rest/reference/pulls#get-a-pull-request'}
groovy, 1696, 2022-01-19 22:23:43 , 404{'message': 'Not Found', 'documentation_url': 'https://docs.github.com/rest/reference/pulls#get-a-pull-request'}
groovy, 1697, 2022-01-19 22:23:44 , 404{'message': 'Not Found', 'documentation_url': 'https://docs.github.com/rest/reference/pulls#get-a-pull-request'}
groovy, 1698, 2022-01-19 22:23:45 , 404{'message': 'Not Found', 'documentation_url': 'https://docs.github.com/rest/reference/pulls#get-a-pull-request'}
groovy, 1699, 2022-01-19 22:23:46 , 404{'message': 'Not Found', 'documentation_url': 'https://docs.github.com/rest/reference/pulls#get-a-pull-request'}
