helix, 0, 2022-01-19 00:20:49 , 404{'message': 'Not Found', 'documentation_url': 'https://docs.github.com/rest/reference/pulls#get-a-pull-request'}
helix, 9, 2022-01-19 00:21:26 , 404{'message': 'Not Found', 'documentation_url': 'https://docs.github.com/rest/reference/pulls#get-a-pull-request'}
helix, 10, 2022-01-19 00:21:27 , 404{'message': 'Not Found', 'documentation_url': 'https://docs.github.com/rest/reference/pulls#get-a-pull-request'}
helix, 14, 2022-01-19 00:21:42 , 404{'message': 'Not Found', 'documentation_url': 'https://docs.github.com/rest/reference/pulls#get-a-pull-request'}
helix, 15, 2022-01-19 00:21:43 , 404{'message': 'Not Found', 'documentation_url': 'https://docs.github.com/rest/reference/pulls#get-a-pull-request'}
helix, 16, 2022-01-19 00:21:44 , 404{'message': 'Not Found', 'documentation_url': 'https://docs.github.com/rest/reference/pulls#get-a-pull-request'}
helix, 17, 2022-01-19 00:21:45 , 404{'message': 'Not Found', 'documentation_url': 'https://docs.github.com/rest/reference/pulls#get-a-pull-request'}
helix, 18, 2022-01-19 00:21:46 , 404{'message': 'Not Found', 'documentation_url': 'https://docs.github.com/rest/reference/pulls#get-a-pull-request'}
helix, 22, 2022-01-19 00:21:59 , 404{'message': 'Not Found', 'documentation_url': 'https://docs.github.com/rest/reference/pulls#get-a-pull-request'}
helix, 23, 2022-01-19 00:22:00 , 404{'message': 'Not Found', 'documentation_url': 'https://docs.github.com/rest/reference/pulls#get-a-pull-request'}
helix, 24, 2022-01-19 00:22:01 , 404{'message': 'Not Found', 'documentation_url': 'https://docs.github.com/rest/reference/pulls#get-a-pull-request'}
helix, 25, 2022-01-19 00:22:02 , 404{'message': 'Not Found', 'documentation_url': 'https://docs.github.com/rest/reference/pulls#get-a-pull-request'}
helix, 26, 2022-01-19 00:22:03 , 404{'message': 'Not Found', 'documentation_url': 'https://docs.github.com/rest/reference/pulls#get-a-pull-request'}
helix, 27, 2022-01-19 00:22:04 , 404{'message': 'Not Found', 'documentation_url': 'https://docs.github.com/rest/reference/pulls#get-a-pull-request'}
helix, 28, 2022-01-19 00:22:05 , 404{'message': 'Not Found', 'documentation_url': 'https://docs.github.com/rest/reference/pulls#get-a-pull-request'}
helix, 29, 2022-01-19 00:22:06 , 404{'message': 'Not Found', 'documentation_url': 'https://docs.github.com/rest/reference/pulls#get-a-pull-request'}
helix, 30, 2022-01-19 00:22:07 , 404{'message': 'Not Found', 'documentation_url': 'https://docs.github.com/rest/reference/pulls#get-a-pull-request'}
helix, 33, 2022-01-19 00:22:17 , 404{'message': 'Not Found', 'documentation_url': 'https://docs.github.com/rest/reference/pulls#get-a-pull-request'}
helix, 35, 2022-01-19 00:22:22 , 404{'message': 'Not Found', 'documentation_url': 'https://docs.github.com/rest/reference/pulls#get-a-pull-request'}
helix, 37, 2022-01-19 00:22:28 , 404{'message': 'Not Found', 'documentation_url': 'https://docs.github.com/rest/reference/pulls#get-a-pull-request'}
helix, 39, 2022-01-19 00:22:33 , 404{'message': 'Not Found', 'documentation_url': 'https://docs.github.com/rest/reference/pulls#get-a-pull-request'}
helix, 41, 2022-01-19 00:22:39 , 404{'message': 'Not Found', 'documentation_url': 'https://docs.github.com/rest/reference/pulls#get-a-pull-request'}
helix, 42, 2022-01-19 00:22:40 , 404{'message': 'Not Found', 'documentation_url': 'https://docs.github.com/rest/reference/pulls#get-a-pull-request'}
helix, 43, 2022-01-19 00:22:41 , 404{'message': 'Not Found', 'documentation_url': 'https://docs.github.com/rest/reference/pulls#get-a-pull-request'}
helix, 44, 2022-01-19 00:22:42 , 404{'message': 'Not Found', 'documentation_url': 'https://docs.github.com/rest/reference/pulls#get-a-pull-request'}
helix, 46, 2022-01-19 00:22:48 , 404{'message': 'Not Found', 'documentation_url': 'https://docs.github.com/rest/reference/pulls#get-a-pull-request'}
helix, 47, 2022-01-19 00:22:49 , 404{'message': 'Not Found', 'documentation_url': 'https://docs.github.com/rest/reference/pulls#get-a-pull-request'}
helix, 48, 2022-01-19 00:22:50 , 404{'message': 'Not Found', 'documentation_url': 'https://docs.github.com/rest/reference/pulls#get-a-pull-request'}
helix, 51, 2022-01-19 00:22:59 , 404{'message': 'Not Found', 'documentation_url': 'https://docs.github.com/rest/reference/pulls#get-a-pull-request'}
helix, 52, 2022-01-19 00:23:00 , 404{'message': 'Not Found', 'documentation_url': 'https://docs.github.com/rest/reference/pulls#get-a-pull-request'}
helix, 53, 2022-01-19 00:23:01 , 404{'message': 'Not Found', 'documentation_url': 'https://docs.github.com/rest/reference/pulls#get-a-pull-request'}
helix, 54, 2022-01-19 00:23:02 , 404{'message': 'Not Found', 'documentation_url': 'https://docs.github.com/rest/reference/pulls#get-a-pull-request'}
helix, 56, 2022-01-19 00:23:08 , 404{'message': 'Not Found', 'documentation_url': 'https://docs.github.com/rest/reference/pulls#get-a-pull-request'}
helix, 58, 2022-01-19 00:23:14 , 404{'message': 'Not Found', 'documentation_url': 'https://docs.github.com/rest/reference/pulls#get-a-pull-request'}
helix, 60, 2022-01-19 00:23:19 , 404{'message': 'Not Found', 'documentation_url': 'https://docs.github.com/rest/reference/pulls#get-a-pull-request'}
helix, 61, 2022-01-19 00:23:20 , 404{'message': 'Not Found', 'documentation_url': 'https://docs.github.com/rest/reference/pulls#get-a-pull-request'}
helix, 65, 2022-01-19 00:23:34 , 404{'message': 'Not Found', 'documentation_url': 'https://docs.github.com/rest/reference/pulls#get-a-pull-request'}
helix, 67, 2022-01-19 00:23:39 , 404{'message': 'Not Found', 'documentation_url': 'https://docs.github.com/rest/reference/pulls#get-a-pull-request'}
helix, 68, 2022-01-19 00:23:40 , 404{'message': 'Not Found', 'documentation_url': 'https://docs.github.com/rest/reference/pulls#get-a-pull-request'}
helix, 69, 2022-01-19 00:23:41 , 404{'message': 'Not Found', 'documentation_url': 'https://docs.github.com/rest/reference/pulls#get-a-pull-request'}
helix, 72, 2022-01-19 00:23:51 , 404{'message': 'Not Found', 'documentation_url': 'https://docs.github.com/rest/reference/pulls#get-a-pull-request'}
helix, 73, 2022-01-19 00:23:52 , 404{'message': 'Not Found', 'documentation_url': 'https://docs.github.com/rest/reference/pulls#get-a-pull-request'}
helix, 74, 2022-01-19 00:23:53 , 404{'message': 'Not Found', 'documentation_url': 'https://docs.github.com/rest/reference/pulls#get-a-pull-request'}
helix, 75, 2022-01-19 00:23:54 , 404{'message': 'Not Found', 'documentation_url': 'https://docs.github.com/rest/reference/pulls#get-a-pull-request'}
helix, 76, 2022-01-19 00:23:55 , 404{'message': 'Not Found', 'documentation_url': 'https://docs.github.com/rest/reference/pulls#get-a-pull-request'}
helix, 78, 2022-01-19 00:24:00 , 404{'message': 'Not Found', 'documentation_url': 'https://docs.github.com/rest/reference/pulls#get-a-pull-request'}
helix, 81, 2022-01-19 00:24:10 , 404{'message': 'Not Found', 'documentation_url': 'https://docs.github.com/rest/reference/pulls#get-a-pull-request'}
helix, 85, 2022-01-19 00:24:26 , 404{'message': 'Not Found', 'documentation_url': 'https://docs.github.com/rest/reference/pulls#get-a-pull-request'}
helix, 86, 2022-01-19 00:24:26 , 404{'message': 'Not Found', 'documentation_url': 'https://docs.github.com/rest/reference/pulls#get-a-pull-request'}
helix, 87, 2022-01-19 00:24:27 , 404{'message': 'Not Found', 'documentation_url': 'https://docs.github.com/rest/reference/pulls#get-a-pull-request'}
helix, 88, 2022-01-19 00:24:28 , 404{'message': 'Not Found', 'documentation_url': 'https://docs.github.com/rest/reference/pulls#get-a-pull-request'}
helix, 89, 2022-01-19 00:24:29 , 404{'message': 'Not Found', 'documentation_url': 'https://docs.github.com/rest/reference/pulls#get-a-pull-request'}
helix, 91, 2022-01-19 00:24:35 , 404{'message': 'Not Found', 'documentation_url': 'https://docs.github.com/rest/reference/pulls#get-a-pull-request'}
helix, 93, 2022-01-19 00:24:40 , 404{'message': 'Not Found', 'documentation_url': 'https://docs.github.com/rest/reference/pulls#get-a-pull-request'}
helix, 94, 2022-01-19 00:24:41 , 404{'message': 'Not Found', 'documentation_url': 'https://docs.github.com/rest/reference/pulls#get-a-pull-request'}
helix, 100, 2022-01-19 00:25:04 , 404{'message': 'Not Found', 'documentation_url': 'https://docs.github.com/rest/reference/pulls#get-a-pull-request'}
helix, 103, 2022-01-19 00:25:15 , 404{'message': 'Not Found', 'documentation_url': 'https://docs.github.com/rest/reference/pulls#get-a-pull-request'}
helix, 107, 2022-01-19 00:25:30 , 404{'message': 'Not Found', 'documentation_url': 'https://docs.github.com/rest/reference/pulls#get-a-pull-request'}
helix, 109, 2022-01-19 00:25:36 , 404{'message': 'Not Found', 'documentation_url': 'https://docs.github.com/rest/reference/pulls#get-a-pull-request'}
helix, 114, 2022-01-19 00:25:56 , 404{'message': 'Not Found', 'documentation_url': 'https://docs.github.com/rest/reference/pulls#get-a-pull-request'}
helix, 115, 2022-01-19 00:25:57 , 404{'message': 'Not Found', 'documentation_url': 'https://docs.github.com/rest/reference/pulls#get-a-pull-request'}
helix, 117, 2022-01-19 00:26:03 , 404{'message': 'Not Found', 'documentation_url': 'https://docs.github.com/rest/reference/pulls#get-a-pull-request'}
helix, 118, 2022-01-19 00:26:04 , 404{'message': 'Not Found', 'documentation_url': 'https://docs.github.com/rest/reference/pulls#get-a-pull-request'}
helix, 120, 2022-01-19 00:26:10 , 404{'message': 'Not Found', 'documentation_url': 'https://docs.github.com/rest/reference/pulls#get-a-pull-request'}
helix, 122, 2022-01-19 00:26:15 , 404{'message': 'Not Found', 'documentation_url': 'https://docs.github.com/rest/reference/pulls#get-a-pull-request'}
helix, 123, 2022-01-19 00:26:16 , 404{'message': 'Not Found', 'documentation_url': 'https://docs.github.com/rest/reference/pulls#get-a-pull-request'}
helix, 127, 2022-01-19 00:26:30 , 404{'message': 'Not Found', 'documentation_url': 'https://docs.github.com/rest/reference/pulls#get-a-pull-request'}
helix, 131, 2022-01-19 00:26:45 , 404{'message': 'Not Found', 'documentation_url': 'https://docs.github.com/rest/reference/pulls#get-a-pull-request'}
helix, 133, 2022-01-19 00:26:51 , 404{'message': 'Not Found', 'documentation_url': 'https://docs.github.com/rest/reference/pulls#get-a-pull-request'}
helix, 134, 2022-01-19 00:26:52 , 404{'message': 'Not Found', 'documentation_url': 'https://docs.github.com/rest/reference/pulls#get-a-pull-request'}
helix, 136, 2022-01-19 00:26:58 , 404{'message': 'Not Found', 'documentation_url': 'https://docs.github.com/rest/reference/pulls#get-a-pull-request'}
helix, 139, 2022-01-19 00:27:08 , 404{'message': 'Not Found', 'documentation_url': 'https://docs.github.com/rest/reference/pulls#get-a-pull-request'}
helix, 141, 2022-01-19 00:27:13 , 404{'message': 'Not Found', 'documentation_url': 'https://docs.github.com/rest/reference/pulls#get-a-pull-request'}
helix, 144, 2022-01-19 00:27:24 , 404{'message': 'Not Found', 'documentation_url': 'https://docs.github.com/rest/reference/pulls#get-a-pull-request'}
helix, 145, 2022-01-19 00:27:25 , 404{'message': 'Not Found', 'documentation_url': 'https://docs.github.com/rest/reference/pulls#get-a-pull-request'}
helix, 149, 2022-01-19 00:27:39 , 404{'message': 'Not Found', 'documentation_url': 'https://docs.github.com/rest/reference/pulls#get-a-pull-request'}
helix, 150, 2022-01-19 00:27:40 , 404{'message': 'Not Found', 'documentation_url': 'https://docs.github.com/rest/reference/pulls#get-a-pull-request'}
helix, 152, 2022-01-19 00:27:45 , 404{'message': 'Not Found', 'documentation_url': 'https://docs.github.com/rest/reference/pulls#get-a-pull-request'}
helix, 153, 2022-01-19 00:27:46 , 404{'message': 'Not Found', 'documentation_url': 'https://docs.github.com/rest/reference/pulls#get-a-pull-request'}
helix, 156, 2022-01-19 00:27:57 , 404{'message': 'Not Found', 'documentation_url': 'https://docs.github.com/rest/reference/pulls#get-a-pull-request'}
helix, 161, 2022-01-19 00:28:16 , 404{'message': 'Not Found', 'documentation_url': 'https://docs.github.com/rest/reference/pulls#get-a-pull-request'}
helix, 162, 2022-01-19 00:28:17 , 404{'message': 'Not Found', 'documentation_url': 'https://docs.github.com/rest/reference/pulls#get-a-pull-request'}
helix, 163, 2022-01-19 00:28:18 , 404{'message': 'Not Found', 'documentation_url': 'https://docs.github.com/rest/reference/pulls#get-a-pull-request'}
helix, 164, 2022-01-19 00:28:19 , 404{'message': 'Not Found', 'documentation_url': 'https://docs.github.com/rest/reference/pulls#get-a-pull-request'}
helix, 165, 2022-01-19 00:28:20 , 404{'message': 'Not Found', 'documentation_url': 'https://docs.github.com/rest/reference/pulls#get-a-pull-request'}
helix, 166, 2022-01-19 00:28:21 , 404{'message': 'Not Found', 'documentation_url': 'https://docs.github.com/rest/reference/pulls#get-a-pull-request'}
helix, 175, 2022-01-19 00:28:57 , 404{'message': 'Not Found', 'documentation_url': 'https://docs.github.com/rest/reference/pulls#get-a-pull-request'}
helix, 176, 2022-01-19 00:28:58 , 404{'message': 'Not Found', 'documentation_url': 'https://docs.github.com/rest/reference/pulls#get-a-pull-request'}
helix, 181, 2022-01-19 00:29:19 , 404{'message': 'Not Found', 'documentation_url': 'https://docs.github.com/rest/reference/pulls#get-a-pull-request'}
helix, 183, 2022-01-19 00:29:24 , 404{'message': 'Not Found', 'documentation_url': 'https://docs.github.com/rest/reference/pulls#get-a-pull-request'}
helix, 185, 2022-01-19 00:29:30 , 404{'message': 'Not Found', 'documentation_url': 'https://docs.github.com/rest/reference/pulls#get-a-pull-request'}
helix, 191, 2022-01-19 00:29:53 , 404{'message': 'Not Found', 'documentation_url': 'https://docs.github.com/rest/reference/pulls#get-a-pull-request'}
helix, 192, 2022-01-19 00:29:54 , 404{'message': 'Not Found', 'documentation_url': 'https://docs.github.com/rest/reference/pulls#get-a-pull-request'}
helix, 196, 2022-01-19 00:30:17 , 404{'message': 'Not Found', 'documentation_url': 'https://docs.github.com/rest/reference/pulls#get-a-pull-request'}
helix, 198, 2022-01-19 00:30:22 , 404{'message': 'Not Found', 'documentation_url': 'https://docs.github.com/rest/reference/pulls#get-a-pull-request'}
helix, 200, 2022-01-19 00:30:28 , 404{'message': 'Not Found', 'documentation_url': 'https://docs.github.com/rest/reference/pulls#get-a-pull-request'}
helix, 201, 2022-01-19 00:30:29 , 404{'message': 'Not Found', 'documentation_url': 'https://docs.github.com/rest/reference/pulls#get-a-pull-request'}
helix, 202, 2022-01-19 00:30:30 , 404{'message': 'Not Found', 'documentation_url': 'https://docs.github.com/rest/reference/pulls#get-a-pull-request'}
helix, 205, 2022-01-19 00:30:41 , 404{'message': 'Not Found', 'documentation_url': 'https://docs.github.com/rest/reference/pulls#get-a-pull-request'}
helix, 206, 2022-01-19 00:30:42 , 404{'message': 'Not Found', 'documentation_url': 'https://docs.github.com/rest/reference/pulls#get-a-pull-request'}
helix, 207, 2022-01-19 00:30:43 , 404{'message': 'Not Found', 'documentation_url': 'https://docs.github.com/rest/reference/pulls#get-a-pull-request'}
helix, 209, 2022-01-19 00:30:48 , 404{'message': 'Not Found', 'documentation_url': 'https://docs.github.com/rest/reference/pulls#get-a-pull-request'}
helix, 212, 2022-01-19 00:30:58 , 404{'message': 'Not Found', 'documentation_url': 'https://docs.github.com/rest/reference/pulls#get-a-pull-request'}
helix, 213, 2022-01-19 00:30:59 , 404{'message': 'Not Found', 'documentation_url': 'https://docs.github.com/rest/reference/pulls#get-a-pull-request'}
helix, 214, 2022-01-19 00:31:00 , 404{'message': 'Not Found', 'documentation_url': 'https://docs.github.com/rest/reference/pulls#get-a-pull-request'}
helix, 215, 2022-01-19 00:31:01 , 404{'message': 'Not Found', 'documentation_url': 'https://docs.github.com/rest/reference/pulls#get-a-pull-request'}
helix, 218, 2022-01-19 00:31:12 , 404{'message': 'Not Found', 'documentation_url': 'https://docs.github.com/rest/reference/pulls#get-a-pull-request'}
helix, 219, 2022-01-19 00:31:13 , 404{'message': 'Not Found', 'documentation_url': 'https://docs.github.com/rest/reference/pulls#get-a-pull-request'}
helix, 220, 2022-01-19 00:31:14 , 404{'message': 'Not Found', 'documentation_url': 'https://docs.github.com/rest/reference/pulls#get-a-pull-request'}
helix, 222, 2022-01-19 00:31:19 , 404{'message': 'Not Found', 'documentation_url': 'https://docs.github.com/rest/reference/pulls#get-a-pull-request'}
helix, 225, 2022-01-19 00:31:32 , 404{'message': 'Not Found', 'documentation_url': 'https://docs.github.com/rest/reference/pulls#get-a-pull-request'}
helix, 227, 2022-01-19 00:31:37 , 404{'message': 'Not Found', 'documentation_url': 'https://docs.github.com/rest/reference/pulls#get-a-pull-request'}
helix, 233, 2022-01-19 00:32:05 , 404{'message': 'Not Found', 'documentation_url': 'https://docs.github.com/rest/reference/pulls#get-a-pull-request'}
helix, 239, 2022-01-19 00:32:30 , 404{'message': 'Not Found', 'documentation_url': 'https://docs.github.com/rest/reference/pulls#get-a-pull-request'}
helix, 240, 2022-01-19 00:32:31 , 404{'message': 'Not Found', 'documentation_url': 'https://docs.github.com/rest/reference/pulls#get-a-pull-request'}
helix, 241, 2022-01-19 00:32:32 , 404{'message': 'Not Found', 'documentation_url': 'https://docs.github.com/rest/reference/pulls#get-a-pull-request'}
helix, 242, 2022-01-19 00:32:33 , 404{'message': 'Not Found', 'documentation_url': 'https://docs.github.com/rest/reference/pulls#get-a-pull-request'}
helix, 247, 2022-01-19 00:32:52 , 404{'message': 'Not Found', 'documentation_url': 'https://docs.github.com/rest/reference/pulls#get-a-pull-request'}
helix, 250, 2022-01-19 00:33:02 , 404{'message': 'Not Found', 'documentation_url': 'https://docs.github.com/rest/reference/pulls#get-a-pull-request'}
helix, 256, 2022-01-19 00:33:25 , 404{'message': 'Not Found', 'documentation_url': 'https://docs.github.com/rest/reference/pulls#get-a-pull-request'}
helix, 261, 2022-01-19 00:33:44 , 404{'message': 'Not Found', 'documentation_url': 'https://docs.github.com/rest/reference/pulls#get-a-pull-request'}
helix, 263, 2022-01-19 00:33:49 , 404{'message': 'Not Found', 'documentation_url': 'https://docs.github.com/rest/reference/pulls#get-a-pull-request'}
helix, 264, 2022-01-19 00:33:50 , 404{'message': 'Not Found', 'documentation_url': 'https://docs.github.com/rest/reference/pulls#get-a-pull-request'}
helix, 265, 2022-01-19 00:33:51 , 404{'message': 'Not Found', 'documentation_url': 'https://docs.github.com/rest/reference/pulls#get-a-pull-request'}
helix, 266, 2022-01-19 00:33:52 , 404{'message': 'Not Found', 'documentation_url': 'https://docs.github.com/rest/reference/pulls#get-a-pull-request'}
helix, 274, 2022-01-19 00:34:27 , 404{'message': 'Not Found', 'documentation_url': 'https://docs.github.com/rest/reference/pulls#get-a-pull-request'}
helix, 275, 2022-01-19 00:34:27 , 404{'message': 'Not Found', 'documentation_url': 'https://docs.github.com/rest/reference/pulls#get-a-pull-request'}
helix, 277, 2022-01-19 00:34:33 , 404{'message': 'Not Found', 'documentation_url': 'https://docs.github.com/rest/reference/pulls#get-a-pull-request'}
helix, 278, 2022-01-19 00:34:34 , 404{'message': 'Not Found', 'documentation_url': 'https://docs.github.com/rest/reference/pulls#get-a-pull-request'}
helix, 279, 2022-01-19 00:34:35 , 404{'message': 'Not Found', 'documentation_url': 'https://docs.github.com/rest/reference/pulls#get-a-pull-request'}
helix, 280, 2022-01-19 00:34:36 , 404{'message': 'Not Found', 'documentation_url': 'https://docs.github.com/rest/reference/pulls#get-a-pull-request'}
helix, 282, 2022-01-19 00:34:41 , 404{'message': 'Not Found', 'documentation_url': 'https://docs.github.com/rest/reference/pulls#get-a-pull-request'}
helix, 283, 2022-01-19 00:34:42 , 404{'message': 'Not Found', 'documentation_url': 'https://docs.github.com/rest/reference/pulls#get-a-pull-request'}
helix, 288, 2022-01-19 00:35:03 , 404{'message': 'Not Found', 'documentation_url': 'https://docs.github.com/rest/reference/pulls#get-a-pull-request'}
helix, 290, 2022-01-19 00:35:08 , 404{'message': 'Not Found', 'documentation_url': 'https://docs.github.com/rest/reference/pulls#get-a-pull-request'}
helix, 293, 2022-01-19 00:35:19 , 404{'message': 'Not Found', 'documentation_url': 'https://docs.github.com/rest/reference/pulls#get-a-pull-request'}
helix, 294, 2022-01-19 00:35:20 , 404{'message': 'Not Found', 'documentation_url': 'https://docs.github.com/rest/reference/pulls#get-a-pull-request'}
helix, 302, 2022-01-19 00:35:53 , 404{'message': 'Not Found', 'documentation_url': 'https://docs.github.com/rest/reference/pulls#get-a-pull-request'}
helix, 303, 2022-01-19 00:35:54 , 404{'message': 'Not Found', 'documentation_url': 'https://docs.github.com/rest/reference/pulls#get-a-pull-request'}
helix, 307, 2022-01-19 00:36:09 , 404{'message': 'Not Found', 'documentation_url': 'https://docs.github.com/rest/reference/pulls#get-a-pull-request'}
helix, 309, 2022-01-19 00:36:14 , 404{'message': 'Not Found', 'documentation_url': 'https://docs.github.com/rest/reference/pulls#get-a-pull-request'}
helix, 312, 2022-01-19 00:36:24 , 404{'message': 'Not Found', 'documentation_url': 'https://docs.github.com/rest/reference/pulls#get-a-pull-request'}
helix, 313, 2022-01-19 00:36:25 , 404{'message': 'Not Found', 'documentation_url': 'https://docs.github.com/rest/reference/pulls#get-a-pull-request'}
helix, 317, 2022-01-19 00:36:41 , 404{'message': 'Not Found', 'documentation_url': 'https://docs.github.com/rest/reference/pulls#get-a-pull-request'}
helix, 323, 2022-01-19 00:37:05 , 404{'message': 'Not Found', 'documentation_url': 'https://docs.github.com/rest/reference/pulls#get-a-pull-request'}
helix, 324, 2022-01-19 00:37:06 , 404{'message': 'Not Found', 'documentation_url': 'https://docs.github.com/rest/reference/pulls#get-a-pull-request'}
helix, 326, 2022-01-19 00:37:12 , 404{'message': 'Not Found', 'documentation_url': 'https://docs.github.com/rest/reference/pulls#get-a-pull-request'}
helix, 327, 2022-01-19 00:37:13 , 404{'message': 'Not Found', 'documentation_url': 'https://docs.github.com/rest/reference/pulls#get-a-pull-request'}
helix, 330, 2022-01-19 00:37:23 , 404{'message': 'Not Found', 'documentation_url': 'https://docs.github.com/rest/reference/pulls#get-a-pull-request'}
helix, 331, 2022-01-19 00:37:24 , 404{'message': 'Not Found', 'documentation_url': 'https://docs.github.com/rest/reference/pulls#get-a-pull-request'}
helix, 334, 2022-01-19 00:37:33 , 404{'message': 'Not Found', 'documentation_url': 'https://docs.github.com/rest/reference/pulls#get-a-pull-request'}
helix, 338, 2022-01-19 00:37:48 , 404{'message': 'Not Found', 'documentation_url': 'https://docs.github.com/rest/reference/pulls#get-a-pull-request'}
helix, 339, 2022-01-19 00:37:49 , 404{'message': 'Not Found', 'documentation_url': 'https://docs.github.com/rest/reference/pulls#get-a-pull-request'}
helix, 340, 2022-01-19 00:37:50 , 404{'message': 'Not Found', 'documentation_url': 'https://docs.github.com/rest/reference/pulls#get-a-pull-request'}
helix, 343, 2022-01-19 00:38:00 , 404{'message': 'Not Found', 'documentation_url': 'https://docs.github.com/rest/reference/pulls#get-a-pull-request'}
helix, 344, 2022-01-19 00:38:01 , 404{'message': 'Not Found', 'documentation_url': 'https://docs.github.com/rest/reference/pulls#get-a-pull-request'}
helix, 346, 2022-01-19 00:38:07 , 404{'message': 'Not Found', 'documentation_url': 'https://docs.github.com/rest/reference/pulls#get-a-pull-request'}
helix, 350, 2022-01-19 00:38:21 , 404{'message': 'Not Found', 'documentation_url': 'https://docs.github.com/rest/reference/pulls#get-a-pull-request'}
helix, 352, 2022-01-19 00:38:26 , 404{'message': 'Not Found', 'documentation_url': 'https://docs.github.com/rest/reference/pulls#get-a-pull-request'}
helix, 354, 2022-01-19 00:38:32 , 404{'message': 'Not Found', 'documentation_url': 'https://docs.github.com/rest/reference/pulls#get-a-pull-request'}
helix, 356, 2022-01-19 00:38:37 , 404{'message': 'Not Found', 'documentation_url': 'https://docs.github.com/rest/reference/pulls#get-a-pull-request'}
helix, 358, 2022-01-19 00:38:43 , 404{'message': 'Not Found', 'documentation_url': 'https://docs.github.com/rest/reference/pulls#get-a-pull-request'}
helix, 360, 2022-01-19 00:38:49 , 404{'message': 'Not Found', 'documentation_url': 'https://docs.github.com/rest/reference/pulls#get-a-pull-request'}
helix, 361, 2022-01-19 00:38:50 , 404{'message': 'Not Found', 'documentation_url': 'https://docs.github.com/rest/reference/pulls#get-a-pull-request'}
helix, 362, 2022-01-19 00:38:50 , 404{'message': 'Not Found', 'documentation_url': 'https://docs.github.com/rest/reference/pulls#get-a-pull-request'}
helix, 363, 2022-01-19 00:38:51 , 404{'message': 'Not Found', 'documentation_url': 'https://docs.github.com/rest/reference/pulls#get-a-pull-request'}
helix, 378, 2022-01-19 00:39:59 , 404{'message': 'Not Found', 'documentation_url': 'https://docs.github.com/rest/reference/pulls#get-a-pull-request'}
helix, 381, 2022-01-19 00:40:09 , 404{'message': 'Not Found', 'documentation_url': 'https://docs.github.com/rest/reference/pulls#get-a-pull-request'}
helix, 386, 2022-01-19 00:40:28 , 404{'message': 'Not Found', 'documentation_url': 'https://docs.github.com/rest/reference/pulls#get-a-pull-request'}
helix, 387, 2022-01-19 00:40:29 , 404{'message': 'Not Found', 'documentation_url': 'https://docs.github.com/rest/reference/pulls#get-a-pull-request'}
helix, 389, 2022-01-19 00:40:35 , 404{'message': 'Not Found', 'documentation_url': 'https://docs.github.com/rest/reference/pulls#get-a-pull-request'}
helix, 391, 2022-01-19 00:40:40 , 404{'message': 'Not Found', 'documentation_url': 'https://docs.github.com/rest/reference/pulls#get-a-pull-request'}
helix, 395, 2022-01-19 00:40:55 , 404{'message': 'Not Found', 'documentation_url': 'https://docs.github.com/rest/reference/pulls#get-a-pull-request'}
helix, 396, 2022-01-19 00:40:56 , 404{'message': 'Not Found', 'documentation_url': 'https://docs.github.com/rest/reference/pulls#get-a-pull-request'}
helix, 397, 2022-01-19 00:40:57 , 404{'message': 'Not Found', 'documentation_url': 'https://docs.github.com/rest/reference/pulls#get-a-pull-request'}
helix, 399, 2022-01-19 00:41:02 , 404{'message': 'Not Found', 'documentation_url': 'https://docs.github.com/rest/reference/pulls#get-a-pull-request'}
helix, 401, 2022-01-19 00:41:08 , 404{'message': 'Not Found', 'documentation_url': 'https://docs.github.com/rest/reference/pulls#get-a-pull-request'}
helix, 402, 2022-01-19 00:41:09 , 404{'message': 'Not Found', 'documentation_url': 'https://docs.github.com/rest/reference/pulls#get-a-pull-request'}
helix, 405, 2022-01-19 00:41:18 , 404{'message': 'Not Found', 'documentation_url': 'https://docs.github.com/rest/reference/pulls#get-a-pull-request'}
helix, 406, 2022-01-19 00:41:19 , 404{'message': 'Not Found', 'documentation_url': 'https://docs.github.com/rest/reference/pulls#get-a-pull-request'}
helix, 409, 2022-01-19 00:41:29 , 404{'message': 'Not Found', 'documentation_url': 'https://docs.github.com/rest/reference/pulls#get-a-pull-request'}
helix, 411, 2022-01-19 00:41:34 , 404{'message': 'Not Found', 'documentation_url': 'https://docs.github.com/rest/reference/pulls#get-a-pull-request'}
helix, 415, 2022-01-19 00:41:49 , 404{'message': 'Not Found', 'documentation_url': 'https://docs.github.com/rest/reference/pulls#get-a-pull-request'}
helix, 419, 2022-01-19 00:42:03 , 404{'message': 'Not Found', 'documentation_url': 'https://docs.github.com/rest/reference/pulls#get-a-pull-request'}
helix, 426, 2022-01-19 00:42:30 , 404{'message': 'Not Found', 'documentation_url': 'https://docs.github.com/rest/reference/pulls#get-a-pull-request'}
helix, 433, 2022-01-19 00:43:01 , 404{'message': 'Not Found', 'documentation_url': 'https://docs.github.com/rest/reference/pulls#get-a-pull-request'}
helix, 434, 2022-01-19 00:43:02 , 404{'message': 'Not Found', 'documentation_url': 'https://docs.github.com/rest/reference/pulls#get-a-pull-request'}
helix, 439, 2022-01-19 00:43:20 , 404{'message': 'Not Found', 'documentation_url': 'https://docs.github.com/rest/reference/pulls#get-a-pull-request'}
helix, 440, 2022-01-19 00:43:21 , 404{'message': 'Not Found', 'documentation_url': 'https://docs.github.com/rest/reference/pulls#get-a-pull-request'}
helix, 442, 2022-01-19 00:43:28 , 404{'message': 'Not Found', 'documentation_url': 'https://docs.github.com/rest/reference/pulls#get-a-pull-request'}
helix, 443, 2022-01-19 00:43:29 , 404{'message': 'Not Found', 'documentation_url': 'https://docs.github.com/rest/reference/pulls#get-a-pull-request'}
helix, 444, 2022-01-19 00:43:30 , 404{'message': 'Not Found', 'documentation_url': 'https://docs.github.com/rest/reference/pulls#get-a-pull-request'}
helix, 447, 2022-01-19 00:43:41 , 404{'message': 'Not Found', 'documentation_url': 'https://docs.github.com/rest/reference/pulls#get-a-pull-request'}
helix, 451, 2022-01-19 00:43:55 , 404{'message': 'Not Found', 'documentation_url': 'https://docs.github.com/rest/reference/pulls#get-a-pull-request'}
helix, 457, 2022-01-19 00:44:20 , 404{'message': 'Not Found', 'documentation_url': 'https://docs.github.com/rest/reference/pulls#get-a-pull-request'}
helix, 458, 2022-01-19 00:44:21 , 404{'message': 'Not Found', 'documentation_url': 'https://docs.github.com/rest/reference/pulls#get-a-pull-request'}
helix, 459, 2022-01-19 00:44:22 , 404{'message': 'Not Found', 'documentation_url': 'https://docs.github.com/rest/reference/pulls#get-a-pull-request'}
helix, 472, 2022-01-19 00:45:18 , 404{'message': 'Not Found', 'documentation_url': 'https://docs.github.com/rest/reference/pulls#get-a-pull-request'}
helix, 474, 2022-01-19 00:45:23 , 404{'message': 'Not Found', 'documentation_url': 'https://docs.github.com/rest/reference/pulls#get-a-pull-request'}
helix, 475, 2022-01-19 00:45:24 , 404{'message': 'Not Found', 'documentation_url': 'https://docs.github.com/rest/reference/pulls#get-a-pull-request'}
helix, 477, 2022-01-19 00:45:31 , 404{'message': 'Not Found', 'documentation_url': 'https://docs.github.com/rest/reference/pulls#get-a-pull-request'}
helix, 479, 2022-01-19 00:45:37 , 404{'message': 'Not Found', 'documentation_url': 'https://docs.github.com/rest/reference/pulls#get-a-pull-request'}
helix, 480, 2022-01-19 00:45:38 , 404{'message': 'Not Found', 'documentation_url': 'https://docs.github.com/rest/reference/pulls#get-a-pull-request'}
helix, 481, 2022-01-19 00:45:39 , 404{'message': 'Not Found', 'documentation_url': 'https://docs.github.com/rest/reference/pulls#get-a-pull-request'}
helix, 482, 2022-01-19 00:45:40 , 404{'message': 'Not Found', 'documentation_url': 'https://docs.github.com/rest/reference/pulls#get-a-pull-request'}
helix, 483, 2022-01-19 00:45:41 , 404{'message': 'Not Found', 'documentation_url': 'https://docs.github.com/rest/reference/pulls#get-a-pull-request'}
helix, 484, 2022-01-19 00:45:42 , 404{'message': 'Not Found', 'documentation_url': 'https://docs.github.com/rest/reference/pulls#get-a-pull-request'}
helix, 487, 2022-01-19 00:45:52 , 404{'message': 'Not Found', 'documentation_url': 'https://docs.github.com/rest/reference/pulls#get-a-pull-request'}
helix, 488, 2022-01-19 00:45:53 , 404{'message': 'Not Found', 'documentation_url': 'https://docs.github.com/rest/reference/pulls#get-a-pull-request'}
helix, 491, 2022-01-19 00:46:02 , 404{'message': 'Not Found', 'documentation_url': 'https://docs.github.com/rest/reference/pulls#get-a-pull-request'}
helix, 492, 2022-01-19 00:46:03 , 404{'message': 'Not Found', 'documentation_url': 'https://docs.github.com/rest/reference/pulls#get-a-pull-request'}
helix, 493, 2022-01-19 00:46:04 , 404{'message': 'Not Found', 'documentation_url': 'https://docs.github.com/rest/reference/pulls#get-a-pull-request'}
helix, 497, 2022-01-19 00:46:18 , 404{'message': 'Not Found', 'documentation_url': 'https://docs.github.com/rest/reference/pulls#get-a-pull-request'}
helix, 498, 2022-01-19 00:46:19 , 404{'message': 'Not Found', 'documentation_url': 'https://docs.github.com/rest/reference/pulls#get-a-pull-request'}
helix, 500, 2022-01-19 00:46:25 , 404{'message': 'Not Found', 'documentation_url': 'https://docs.github.com/rest/reference/pulls#get-a-pull-request'}
helix, 501, 2022-01-19 00:46:26 , 404{'message': 'Not Found', 'documentation_url': 'https://docs.github.com/rest/reference/pulls#get-a-pull-request'}
helix, 502, 2022-01-19 00:46:26 , 404{'message': 'Not Found', 'documentation_url': 'https://docs.github.com/rest/reference/pulls#get-a-pull-request'}
helix, 503, 2022-01-19 00:46:27 , 404{'message': 'Not Found', 'documentation_url': 'https://docs.github.com/rest/reference/pulls#get-a-pull-request'}
helix, 504, 2022-01-19 00:46:28 , 404{'message': 'Not Found', 'documentation_url': 'https://docs.github.com/rest/reference/pulls#get-a-pull-request'}
helix, 505, 2022-01-19 00:46:29 , 404{'message': 'Not Found', 'documentation_url': 'https://docs.github.com/rest/reference/pulls#get-a-pull-request'}
helix, 506, 2022-01-19 00:46:30 , 404{'message': 'Not Found', 'documentation_url': 'https://docs.github.com/rest/reference/pulls#get-a-pull-request'}
helix, 507, 2022-01-19 00:46:31 , 404{'message': 'Not Found', 'documentation_url': 'https://docs.github.com/rest/reference/pulls#get-a-pull-request'}
helix, 510, 2022-01-19 00:46:44 , 404{'message': 'Not Found', 'documentation_url': 'https://docs.github.com/rest/reference/pulls#get-a-pull-request'}
helix, 517, 2022-01-19 00:47:11 , 404{'message': 'Not Found', 'documentation_url': 'https://docs.github.com/rest/reference/pulls#get-a-pull-request'}
helix, 523, 2022-01-19 00:47:34 , 404{'message': 'Not Found', 'documentation_url': 'https://docs.github.com/rest/reference/pulls#get-a-pull-request'}
helix, 527, 2022-01-19 00:47:48 , 404{'message': 'Not Found', 'documentation_url': 'https://docs.github.com/rest/reference/pulls#get-a-pull-request'}
helix, 529, 2022-01-19 00:47:54 , 404{'message': 'Not Found', 'documentation_url': 'https://docs.github.com/rest/reference/pulls#get-a-pull-request'}
helix, 532, 2022-01-19 00:48:03 , 404{'message': 'Not Found', 'documentation_url': 'https://docs.github.com/rest/reference/pulls#get-a-pull-request'}
helix, 536, 2022-01-19 00:48:20 , 404{'message': 'Not Found', 'documentation_url': 'https://docs.github.com/rest/reference/pulls#get-a-pull-request'}
helix, 543, 2022-01-19 00:48:48 , 404{'message': 'Not Found', 'documentation_url': 'https://docs.github.com/rest/reference/pulls#get-a-pull-request'}
helix, 549, 2022-01-19 00:49:18 , 404{'message': 'Not Found', 'documentation_url': 'https://docs.github.com/rest/reference/pulls#get-a-pull-request'}
helix, 550, 2022-01-19 00:49:18 , 404{'message': 'Not Found', 'documentation_url': 'https://docs.github.com/rest/reference/pulls#get-a-pull-request'}
helix, 551, 2022-01-19 00:49:19 , 404{'message': 'Not Found', 'documentation_url': 'https://docs.github.com/rest/reference/pulls#get-a-pull-request'}
helix, 552, 2022-01-19 00:49:20 , 404{'message': 'Not Found', 'documentation_url': 'https://docs.github.com/rest/reference/pulls#get-a-pull-request'}
helix, 558, 2022-01-19 00:49:44 , 404{'message': 'Not Found', 'documentation_url': 'https://docs.github.com/rest/reference/pulls#get-a-pull-request'}
helix, 559, 2022-01-19 00:49:45 , 404{'message': 'Not Found', 'documentation_url': 'https://docs.github.com/rest/reference/pulls#get-a-pull-request'}
helix, 564, 2022-01-19 00:50:04 , 404{'message': 'Not Found', 'documentation_url': 'https://docs.github.com/rest/reference/pulls#get-a-pull-request'}
helix, 565, 2022-01-19 00:50:05 , 404{'message': 'Not Found', 'documentation_url': 'https://docs.github.com/rest/reference/pulls#get-a-pull-request'}
helix, 569, 2022-01-19 00:50:22 , 404{'message': 'Not Found', 'documentation_url': 'https://docs.github.com/rest/reference/pulls#get-a-pull-request'}
helix, 577, 2022-01-19 00:51:06 , 404{'message': 'Not Found', 'documentation_url': 'https://docs.github.com/rest/reference/pulls#get-a-pull-request'}
helix, 580, 2022-01-19 00:51:16 , 404{'message': 'Not Found', 'documentation_url': 'https://docs.github.com/rest/reference/pulls#get-a-pull-request'}
helix, 582, 2022-01-19 00:51:21 , 404{'message': 'Not Found', 'documentation_url': 'https://docs.github.com/rest/reference/pulls#get-a-pull-request'}
helix, 584, 2022-01-19 00:51:27 , 404{'message': 'Not Found', 'documentation_url': 'https://docs.github.com/rest/reference/pulls#get-a-pull-request'}
helix, 585, 2022-01-19 00:51:28 , 404{'message': 'Not Found', 'documentation_url': 'https://docs.github.com/rest/reference/pulls#get-a-pull-request'}
helix, 590, 2022-01-19 00:51:48 , 404{'message': 'Not Found', 'documentation_url': 'https://docs.github.com/rest/reference/pulls#get-a-pull-request'}
helix, 591, 2022-01-19 00:51:49 , 404{'message': 'Not Found', 'documentation_url': 'https://docs.github.com/rest/reference/pulls#get-a-pull-request'}
helix, 595, 2022-01-19 00:52:04 , 404{'message': 'Not Found', 'documentation_url': 'https://docs.github.com/rest/reference/pulls#get-a-pull-request'}
helix, 597, 2022-01-19 00:52:09 , 404{'message': 'Not Found', 'documentation_url': 'https://docs.github.com/rest/reference/pulls#get-a-pull-request'}
helix, 602, 2022-01-19 00:52:27 , 404{'message': 'Not Found', 'documentation_url': 'https://docs.github.com/rest/reference/pulls#get-a-pull-request'}
helix, 605, 2022-01-19 00:52:37 , 404{'message': 'Not Found', 'documentation_url': 'https://docs.github.com/rest/reference/pulls#get-a-pull-request'}
helix, 609, 2022-01-19 00:52:51 , 404{'message': 'Not Found', 'documentation_url': 'https://docs.github.com/rest/reference/pulls#get-a-pull-request'}
helix, 612, 2022-01-19 00:53:01 , 404{'message': 'Not Found', 'documentation_url': 'https://docs.github.com/rest/reference/pulls#get-a-pull-request'}
helix, 615, 2022-01-19 00:53:11 , 404{'message': 'Not Found', 'documentation_url': 'https://docs.github.com/rest/reference/pulls#get-a-pull-request'}
helix, 618, 2022-01-19 00:53:21 , 404{'message': 'Not Found', 'documentation_url': 'https://docs.github.com/rest/reference/pulls#get-a-pull-request'}
helix, 619, 2022-01-19 00:53:22 , 404{'message': 'Not Found', 'documentation_url': 'https://docs.github.com/rest/reference/pulls#get-a-pull-request'}
helix, 622, 2022-01-19 00:53:32 , 404{'message': 'Not Found', 'documentation_url': 'https://docs.github.com/rest/reference/pulls#get-a-pull-request'}
helix, 623, 2022-01-19 00:53:33 , 404{'message': 'Not Found', 'documentation_url': 'https://docs.github.com/rest/reference/pulls#get-a-pull-request'}
helix, 625, 2022-01-19 00:53:38 , 404{'message': 'Not Found', 'documentation_url': 'https://docs.github.com/rest/reference/pulls#get-a-pull-request'}
helix, 626, 2022-01-19 00:53:39 , 404{'message': 'Not Found', 'documentation_url': 'https://docs.github.com/rest/reference/pulls#get-a-pull-request'}
helix, 629, 2022-01-19 00:53:48 , 404{'message': 'Not Found', 'documentation_url': 'https://docs.github.com/rest/reference/pulls#get-a-pull-request'}
helix, 630, 2022-01-19 00:53:49 , 404{'message': 'Not Found', 'documentation_url': 'https://docs.github.com/rest/reference/pulls#get-a-pull-request'}
helix, 633, 2022-01-19 00:54:00 , 404{'message': 'Not Found', 'documentation_url': 'https://docs.github.com/rest/reference/pulls#get-a-pull-request'}
helix, 636, 2022-01-19 00:54:11 , 404{'message': 'Not Found', 'documentation_url': 'https://docs.github.com/rest/reference/pulls#get-a-pull-request'}
helix, 641, 2022-01-19 00:54:31 , 404{'message': 'Not Found', 'documentation_url': 'https://docs.github.com/rest/reference/pulls#get-a-pull-request'}
helix, 642, 2022-01-19 00:54:32 , 404{'message': 'Not Found', 'documentation_url': 'https://docs.github.com/rest/reference/pulls#get-a-pull-request'}
helix, 652, 2022-01-19 00:55:13 , 404{'message': 'Not Found', 'documentation_url': 'https://docs.github.com/rest/reference/pulls#get-a-pull-request'}
helix, 655, 2022-01-19 00:55:24 , 404{'message': 'Not Found', 'documentation_url': 'https://docs.github.com/rest/reference/pulls#get-a-pull-request'}
helix, 661, 2022-01-19 00:55:48 , 404{'message': 'Not Found', 'documentation_url': 'https://docs.github.com/rest/reference/pulls#get-a-pull-request'}
helix, 668, 2022-01-19 00:56:16 , 404{'message': 'Not Found', 'documentation_url': 'https://docs.github.com/rest/reference/pulls#get-a-pull-request'}
helix, 669, 2022-01-19 00:56:17 , 404{'message': 'Not Found', 'documentation_url': 'https://docs.github.com/rest/reference/pulls#get-a-pull-request'}
helix, 670, 2022-01-19 00:56:18 , 404{'message': 'Not Found', 'documentation_url': 'https://docs.github.com/rest/reference/pulls#get-a-pull-request'}
helix, 672, 2022-01-19 00:56:24 , 404{'message': 'Not Found', 'documentation_url': 'https://docs.github.com/rest/reference/pulls#get-a-pull-request'}
helix, 673, 2022-01-19 00:56:25 , 404{'message': 'Not Found', 'documentation_url': 'https://docs.github.com/rest/reference/pulls#get-a-pull-request'}
helix, 674, 2022-01-19 00:56:26 , 404{'message': 'Not Found', 'documentation_url': 'https://docs.github.com/rest/reference/pulls#get-a-pull-request'}
helix, 675, 2022-01-19 00:56:27 , 404{'message': 'Not Found', 'documentation_url': 'https://docs.github.com/rest/reference/pulls#get-a-pull-request'}
helix, 677, 2022-01-19 00:56:32 , 404{'message': 'Not Found', 'documentation_url': 'https://docs.github.com/rest/reference/pulls#get-a-pull-request'}
helix, 687, 2022-01-19 00:57:12 , 404{'message': 'Not Found', 'documentation_url': 'https://docs.github.com/rest/reference/pulls#get-a-pull-request'}
helix, 688, 2022-01-19 00:57:13 , 404{'message': 'Not Found', 'documentation_url': 'https://docs.github.com/rest/reference/pulls#get-a-pull-request'}
helix, 690, 2022-01-19 00:57:19 , 404{'message': 'Not Found', 'documentation_url': 'https://docs.github.com/rest/reference/pulls#get-a-pull-request'}
helix, 695, 2022-01-19 00:57:38 , 404{'message': 'Not Found', 'documentation_url': 'https://docs.github.com/rest/reference/pulls#get-a-pull-request'}
helix, 696, 2022-01-19 00:57:39 , 404{'message': 'Not Found', 'documentation_url': 'https://docs.github.com/rest/reference/pulls#get-a-pull-request'}
helix, 697, 2022-01-19 00:57:40 , 404{'message': 'Not Found', 'documentation_url': 'https://docs.github.com/rest/reference/pulls#get-a-pull-request'}
helix, 698, 2022-01-19 00:57:41 , 404{'message': 'Not Found', 'documentation_url': 'https://docs.github.com/rest/reference/pulls#get-a-pull-request'}
helix, 700, 2022-01-19 00:57:46 , 404{'message': 'Not Found', 'documentation_url': 'https://docs.github.com/rest/reference/pulls#get-a-pull-request'}
helix, 701, 2022-01-19 00:57:47 , 404{'message': 'Not Found', 'documentation_url': 'https://docs.github.com/rest/reference/pulls#get-a-pull-request'}
helix, 702, 2022-01-19 00:57:48 , 404{'message': 'Not Found', 'documentation_url': 'https://docs.github.com/rest/reference/pulls#get-a-pull-request'}
helix, 703, 2022-01-19 00:57:49 , 404{'message': 'Not Found', 'documentation_url': 'https://docs.github.com/rest/reference/pulls#get-a-pull-request'}
helix, 704, 2022-01-19 00:57:50 , 404{'message': 'Not Found', 'documentation_url': 'https://docs.github.com/rest/reference/pulls#get-a-pull-request'}
helix, 705, 2022-01-19 00:57:51 , 404{'message': 'Not Found', 'documentation_url': 'https://docs.github.com/rest/reference/pulls#get-a-pull-request'}
helix, 708, 2022-01-19 00:58:01 , 404{'message': 'Not Found', 'documentation_url': 'https://docs.github.com/rest/reference/pulls#get-a-pull-request'}
helix, 713, 2022-01-19 00:58:21 , 404{'message': 'Not Found', 'documentation_url': 'https://docs.github.com/rest/reference/pulls#get-a-pull-request'}
helix, 714, 2022-01-19 00:58:22 , 404{'message': 'Not Found', 'documentation_url': 'https://docs.github.com/rest/reference/pulls#get-a-pull-request'}
helix, 715, 2022-01-19 00:58:23 , 404{'message': 'Not Found', 'documentation_url': 'https://docs.github.com/rest/reference/pulls#get-a-pull-request'}
helix, 718, 2022-01-19 00:58:33 , 404{'message': 'Not Found', 'documentation_url': 'https://docs.github.com/rest/reference/pulls#get-a-pull-request'}
helix, 726, 2022-01-19 00:59:07 , 404{'message': 'Not Found', 'documentation_url': 'https://docs.github.com/rest/reference/pulls#get-a-pull-request'}
helix, 727, 2022-01-19 00:59:08 , 404{'message': 'Not Found', 'documentation_url': 'https://docs.github.com/rest/reference/pulls#get-a-pull-request'}
helix, 729, 2022-01-19 00:59:14 , 404{'message': 'Not Found', 'documentation_url': 'https://docs.github.com/rest/reference/pulls#get-a-pull-request'}
helix, 730, 2022-01-19 00:59:15 , 404{'message': 'Not Found', 'documentation_url': 'https://docs.github.com/rest/reference/pulls#get-a-pull-request'}
helix, 731, 2022-01-19 00:59:16 , 404{'message': 'Not Found', 'documentation_url': 'https://docs.github.com/rest/reference/pulls#get-a-pull-request'}
helix, 734, 2022-01-19 00:59:27 , 404{'message': 'Not Found', 'documentation_url': 'https://docs.github.com/rest/reference/pulls#get-a-pull-request'}
helix, 735, 2022-01-19 00:59:28 , 404{'message': 'Not Found', 'documentation_url': 'https://docs.github.com/rest/reference/pulls#get-a-pull-request'}
helix, 736, 2022-01-19 00:59:29 , 404{'message': 'Not Found', 'documentation_url': 'https://docs.github.com/rest/reference/pulls#get-a-pull-request'}
helix, 738, 2022-01-19 00:59:35 , 404{'message': 'Not Found', 'documentation_url': 'https://docs.github.com/rest/reference/pulls#get-a-pull-request'}
helix, 742, 2022-01-19 00:59:49 , 404{'message': 'Not Found', 'documentation_url': 'https://docs.github.com/rest/reference/pulls#get-a-pull-request'}
helix, 744, 2022-01-19 00:59:54 , 404{'message': 'Not Found', 'documentation_url': 'https://docs.github.com/rest/reference/pulls#get-a-pull-request'}
helix, 745, 2022-01-19 00:59:55 , 404{'message': 'Not Found', 'documentation_url': 'https://docs.github.com/rest/reference/pulls#get-a-pull-request'}
helix, 747, 2022-01-19 01:00:00 , 404{'message': 'Not Found', 'documentation_url': 'https://docs.github.com/rest/reference/pulls#get-a-pull-request'}
helix, 748, 2022-01-19 01:00:01 , 404{'message': 'Not Found', 'documentation_url': 'https://docs.github.com/rest/reference/pulls#get-a-pull-request'}
helix, 750, 2022-01-19 01:00:07 , 404{'message': 'Not Found', 'documentation_url': 'https://docs.github.com/rest/reference/pulls#get-a-pull-request'}
helix, 752, 2022-01-19 01:00:12 , 404{'message': 'Not Found', 'documentation_url': 'https://docs.github.com/rest/reference/pulls#get-a-pull-request'}
helix, 753, 2022-01-19 01:00:13 , 404{'message': 'Not Found', 'documentation_url': 'https://docs.github.com/rest/reference/pulls#get-a-pull-request'}
helix, 756, 2022-01-19 01:00:23 , 404{'message': 'Not Found', 'documentation_url': 'https://docs.github.com/rest/reference/pulls#get-a-pull-request'}
helix, 757, 2022-01-19 01:00:24 , 404{'message': 'Not Found', 'documentation_url': 'https://docs.github.com/rest/reference/pulls#get-a-pull-request'}
helix, 758, 2022-01-19 01:00:25 , 404{'message': 'Not Found', 'documentation_url': 'https://docs.github.com/rest/reference/pulls#get-a-pull-request'}
helix, 759, 2022-01-19 01:00:26 , 404{'message': 'Not Found', 'documentation_url': 'https://docs.github.com/rest/reference/pulls#get-a-pull-request'}
helix, 763, 2022-01-19 01:00:41 , 404{'message': 'Not Found', 'documentation_url': 'https://docs.github.com/rest/reference/pulls#get-a-pull-request'}
helix, 764, 2022-01-19 01:00:41 , 404{'message': 'Not Found', 'documentation_url': 'https://docs.github.com/rest/reference/pulls#get-a-pull-request'}
helix, 765, 2022-01-19 01:00:42 , 404{'message': 'Not Found', 'documentation_url': 'https://docs.github.com/rest/reference/pulls#get-a-pull-request'}
helix, 768, 2022-01-19 01:00:53 , 404{'message': 'Not Found', 'documentation_url': 'https://docs.github.com/rest/reference/pulls#get-a-pull-request'}
helix, 773, 2022-01-19 01:01:13 , 404{'message': 'Not Found', 'documentation_url': 'https://docs.github.com/rest/reference/pulls#get-a-pull-request'}
helix, 774, 2022-01-19 01:01:14 , 404{'message': 'Not Found', 'documentation_url': 'https://docs.github.com/rest/reference/pulls#get-a-pull-request'}
helix, 775, 2022-01-19 01:01:15 , 404{'message': 'Not Found', 'documentation_url': 'https://docs.github.com/rest/reference/pulls#get-a-pull-request'}
helix, 777, 2022-01-19 01:01:20 , 404{'message': 'Not Found', 'documentation_url': 'https://docs.github.com/rest/reference/pulls#get-a-pull-request'}
helix, 778, 2022-01-19 01:01:21 , 404{'message': 'Not Found', 'documentation_url': 'https://docs.github.com/rest/reference/pulls#get-a-pull-request'}
helix, 785, 2022-01-19 01:01:50 , 404{'message': 'Not Found', 'documentation_url': 'https://docs.github.com/rest/reference/pulls#get-a-pull-request'}
helix, 786, 2022-01-19 01:01:51 , 404{'message': 'Not Found', 'documentation_url': 'https://docs.github.com/rest/reference/pulls#get-a-pull-request'}
helix, 791, 2022-01-19 01:02:10 , 404{'message': 'Not Found', 'documentation_url': 'https://docs.github.com/rest/reference/pulls#get-a-pull-request'}
helix, 794, 2022-01-19 01:02:21 , 404{'message': 'Not Found', 'documentation_url': 'https://docs.github.com/rest/reference/pulls#get-a-pull-request'}
helix, 795, 2022-01-19 01:02:22 , 404{'message': 'Not Found', 'documentation_url': 'https://docs.github.com/rest/reference/pulls#get-a-pull-request'}
helix, 796, 2022-01-19 01:02:23 , 404{'message': 'Not Found', 'documentation_url': 'https://docs.github.com/rest/reference/pulls#get-a-pull-request'}
helix, 800, 2022-01-19 01:02:39 , 404{'message': 'Not Found', 'documentation_url': 'https://docs.github.com/rest/reference/pulls#get-a-pull-request'}
helix, 801, 2022-01-19 01:02:39 , 404{'message': 'Not Found', 'documentation_url': 'https://docs.github.com/rest/reference/pulls#get-a-pull-request'}
helix, 808, 2022-01-19 01:03:09 , 404{'message': 'Not Found', 'documentation_url': 'https://docs.github.com/rest/reference/pulls#get-a-pull-request'}
helix, 809, 2022-01-19 01:03:10 , 404{'message': 'Not Found', 'documentation_url': 'https://docs.github.com/rest/reference/pulls#get-a-pull-request'}
helix, 810, 2022-01-19 01:03:10 , 404{'message': 'Not Found', 'documentation_url': 'https://docs.github.com/rest/reference/pulls#get-a-pull-request'}
helix, 814, 2022-01-19 01:03:24 , 404{'message': 'Not Found', 'documentation_url': 'https://docs.github.com/rest/reference/pulls#get-a-pull-request'}
helix, 815, 2022-01-19 01:03:25 , 404{'message': 'Not Found', 'documentation_url': 'https://docs.github.com/rest/reference/pulls#get-a-pull-request'}
helix, 817, 2022-01-19 01:03:31 , 404{'message': 'Not Found', 'documentation_url': 'https://docs.github.com/rest/reference/pulls#get-a-pull-request'}
helix, 820, 2022-01-19 01:03:41 , 404{'message': 'Not Found', 'documentation_url': 'https://docs.github.com/rest/reference/pulls#get-a-pull-request'}
helix, 822, 2022-01-19 01:03:46 , 404{'message': 'Not Found', 'documentation_url': 'https://docs.github.com/rest/reference/pulls#get-a-pull-request'}
helix, 825, 2022-01-19 01:03:56 , 404{'message': 'Not Found', 'documentation_url': 'https://docs.github.com/rest/reference/pulls#get-a-pull-request'}
helix, 832, 2022-01-19 01:04:25 , 404{'message': 'Not Found', 'documentation_url': 'https://docs.github.com/rest/reference/pulls#get-a-pull-request'}
helix, 835, 2022-01-19 01:04:34 , 404{'message': 'Not Found', 'documentation_url': 'https://docs.github.com/rest/reference/pulls#get-a-pull-request'}
helix, 836, 2022-01-19 01:04:35 , 404{'message': 'Not Found', 'documentation_url': 'https://docs.github.com/rest/reference/pulls#get-a-pull-request'}
helix, 839, 2022-01-19 01:04:46 , 404{'message': 'Not Found', 'documentation_url': 'https://docs.github.com/rest/reference/pulls#get-a-pull-request'}
helix, 840, 2022-01-19 01:04:47 , 404{'message': 'Not Found', 'documentation_url': 'https://docs.github.com/rest/reference/pulls#get-a-pull-request'}
helix, 841, 2022-01-19 01:04:48 , 404{'message': 'Not Found', 'documentation_url': 'https://docs.github.com/rest/reference/pulls#get-a-pull-request'}
helix, 843, 2022-01-19 01:04:53 , 404{'message': 'Not Found', 'documentation_url': 'https://docs.github.com/rest/reference/pulls#get-a-pull-request'}
helix, 847, 2022-01-19 01:05:07 , 404{'message': 'Not Found', 'documentation_url': 'https://docs.github.com/rest/reference/pulls#get-a-pull-request'}
helix, 850, 2022-01-19 01:05:17 , 404{'message': 'Not Found', 'documentation_url': 'https://docs.github.com/rest/reference/pulls#get-a-pull-request'}
helix, 851, 2022-01-19 01:05:18 , 404{'message': 'Not Found', 'documentation_url': 'https://docs.github.com/rest/reference/pulls#get-a-pull-request'}
helix, 852, 2022-01-19 01:05:19 , 404{'message': 'Not Found', 'documentation_url': 'https://docs.github.com/rest/reference/pulls#get-a-pull-request'}
helix, 855, 2022-01-19 01:05:29 , 404{'message': 'Not Found', 'documentation_url': 'https://docs.github.com/rest/reference/pulls#get-a-pull-request'}
helix, 856, 2022-01-19 01:05:30 , 404{'message': 'Not Found', 'documentation_url': 'https://docs.github.com/rest/reference/pulls#get-a-pull-request'}
helix, 857, 2022-01-19 01:05:31 , 404{'message': 'Not Found', 'documentation_url': 'https://docs.github.com/rest/reference/pulls#get-a-pull-request'}
helix, 858, 2022-01-19 01:05:32 , 404{'message': 'Not Found', 'documentation_url': 'https://docs.github.com/rest/reference/pulls#get-a-pull-request'}
helix, 859, 2022-01-19 01:05:33 , 404{'message': 'Not Found', 'documentation_url': 'https://docs.github.com/rest/reference/pulls#get-a-pull-request'}
helix, 862, 2022-01-19 01:05:43 , 404{'message': 'Not Found', 'documentation_url': 'https://docs.github.com/rest/reference/pulls#get-a-pull-request'}
helix, 863, 2022-01-19 01:05:44 , 404{'message': 'Not Found', 'documentation_url': 'https://docs.github.com/rest/reference/pulls#get-a-pull-request'}
helix, 864, 2022-01-19 01:05:45 , 404{'message': 'Not Found', 'documentation_url': 'https://docs.github.com/rest/reference/pulls#get-a-pull-request'}
helix, 865, 2022-01-19 01:05:46 , 404{'message': 'Not Found', 'documentation_url': 'https://docs.github.com/rest/reference/pulls#get-a-pull-request'}
helix, 866, 2022-01-19 01:05:47 , 404{'message': 'Not Found', 'documentation_url': 'https://docs.github.com/rest/reference/pulls#get-a-pull-request'}
helix, 867, 2022-01-19 01:05:48 , 404{'message': 'Not Found', 'documentation_url': 'https://docs.github.com/rest/reference/pulls#get-a-pull-request'}
helix, 869, 2022-01-19 01:05:53 , 404{'message': 'Not Found', 'documentation_url': 'https://docs.github.com/rest/reference/pulls#get-a-pull-request'}
helix, 870, 2022-01-19 01:05:54 , 404{'message': 'Not Found', 'documentation_url': 'https://docs.github.com/rest/reference/pulls#get-a-pull-request'}
helix, 871, 2022-01-19 01:05:55 , 404{'message': 'Not Found', 'documentation_url': 'https://docs.github.com/rest/reference/pulls#get-a-pull-request'}
helix, 872, 2022-01-19 01:05:56 , 404{'message': 'Not Found', 'documentation_url': 'https://docs.github.com/rest/reference/pulls#get-a-pull-request'}
helix, 875, 2022-01-19 01:06:06 , 404{'message': 'Not Found', 'documentation_url': 'https://docs.github.com/rest/reference/pulls#get-a-pull-request'}
helix, 886, 2022-01-19 01:06:52 , 404{'message': 'Not Found', 'documentation_url': 'https://docs.github.com/rest/reference/pulls#get-a-pull-request'}
helix, 887, 2022-01-19 01:06:53 , 404{'message': 'Not Found', 'documentation_url': 'https://docs.github.com/rest/reference/pulls#get-a-pull-request'}
helix, 889, 2022-01-19 01:06:58 , 404{'message': 'Not Found', 'documentation_url': 'https://docs.github.com/rest/reference/pulls#get-a-pull-request'}
helix, 892, 2022-01-19 01:07:09 , 404{'message': 'Not Found', 'documentation_url': 'https://docs.github.com/rest/reference/pulls#get-a-pull-request'}
helix, 899, 2022-01-19 01:07:38 , 404{'message': 'Not Found', 'documentation_url': 'https://docs.github.com/rest/reference/pulls#get-a-pull-request'}
helix, 901, 2022-01-19 01:07:43 , 404{'message': 'Not Found', 'documentation_url': 'https://docs.github.com/rest/reference/pulls#get-a-pull-request'}
helix, 905, 2022-01-19 01:07:57 , 404{'message': 'Not Found', 'documentation_url': 'https://docs.github.com/rest/reference/pulls#get-a-pull-request'}
helix, 913, 2022-01-19 01:08:29 , 404{'message': 'Not Found', 'documentation_url': 'https://docs.github.com/rest/reference/pulls#get-a-pull-request'}
helix, 914, 2022-01-19 01:08:30 , 404{'message': 'Not Found', 'documentation_url': 'https://docs.github.com/rest/reference/pulls#get-a-pull-request'}
helix, 915, 2022-01-19 01:08:31 , 404{'message': 'Not Found', 'documentation_url': 'https://docs.github.com/rest/reference/pulls#get-a-pull-request'}
helix, 917, 2022-01-19 01:08:37 , 404{'message': 'Not Found', 'documentation_url': 'https://docs.github.com/rest/reference/pulls#get-a-pull-request'}
helix, 922, 2022-01-19 01:08:55 , 404{'message': 'Not Found', 'documentation_url': 'https://docs.github.com/rest/reference/pulls#get-a-pull-request'}
helix, 927, 2022-01-19 01:09:14 , 404{'message': 'Not Found', 'documentation_url': 'https://docs.github.com/rest/reference/pulls#get-a-pull-request'}
helix, 928, 2022-01-19 01:09:15 , 404{'message': 'Not Found', 'documentation_url': 'https://docs.github.com/rest/reference/pulls#get-a-pull-request'}
helix, 929, 2022-01-19 01:09:16 , 404{'message': 'Not Found', 'documentation_url': 'https://docs.github.com/rest/reference/pulls#get-a-pull-request'}
helix, 934, 2022-01-19 01:09:35 , 404{'message': 'Not Found', 'documentation_url': 'https://docs.github.com/rest/reference/pulls#get-a-pull-request'}
helix, 940, 2022-01-19 01:10:00 , 404{'message': 'Not Found', 'documentation_url': 'https://docs.github.com/rest/reference/pulls#get-a-pull-request'}
helix, 941, 2022-01-19 01:10:01 , 404{'message': 'Not Found', 'documentation_url': 'https://docs.github.com/rest/reference/pulls#get-a-pull-request'}
helix, 943, 2022-01-19 01:10:06 , 404{'message': 'Not Found', 'documentation_url': 'https://docs.github.com/rest/reference/pulls#get-a-pull-request'}
helix, 944, 2022-01-19 01:10:07 , 404{'message': 'Not Found', 'documentation_url': 'https://docs.github.com/rest/reference/pulls#get-a-pull-request'}
helix, 945, 2022-01-19 01:10:08 , 404{'message': 'Not Found', 'documentation_url': 'https://docs.github.com/rest/reference/pulls#get-a-pull-request'}
helix, 946, 2022-01-19 01:10:09 , 404{'message': 'Not Found', 'documentation_url': 'https://docs.github.com/rest/reference/pulls#get-a-pull-request'}
helix, 949, 2022-01-19 01:10:19 , 404{'message': 'Not Found', 'documentation_url': 'https://docs.github.com/rest/reference/pulls#get-a-pull-request'}
helix, 956, 2022-01-19 01:10:48 , 404{'message': 'Not Found', 'documentation_url': 'https://docs.github.com/rest/reference/pulls#get-a-pull-request'}
helix, 960, 2022-01-19 01:11:03 , 404{'message': 'Not Found', 'documentation_url': 'https://docs.github.com/rest/reference/pulls#get-a-pull-request'}
helix, 962, 2022-01-19 01:11:09 , 404{'message': 'Not Found', 'documentation_url': 'https://docs.github.com/rest/reference/pulls#get-a-pull-request'}
helix, 965, 2022-01-19 01:11:19 , 404{'message': 'Not Found', 'documentation_url': 'https://docs.github.com/rest/reference/pulls#get-a-pull-request'}
helix, 966, 2022-01-19 01:11:19 , 404{'message': 'Not Found', 'documentation_url': 'https://docs.github.com/rest/reference/pulls#get-a-pull-request'}
helix, 967, 2022-01-19 01:11:20 , 404{'message': 'Not Found', 'documentation_url': 'https://docs.github.com/rest/reference/pulls#get-a-pull-request'}
helix, 968, 2022-01-19 01:11:21 , 404{'message': 'Not Found', 'documentation_url': 'https://docs.github.com/rest/reference/pulls#get-a-pull-request'}
helix, 973, 2022-01-19 01:11:40 , 404{'message': 'Not Found', 'documentation_url': 'https://docs.github.com/rest/reference/pulls#get-a-pull-request'}
helix, 976, 2022-01-19 01:11:49 , 404{'message': 'Not Found', 'documentation_url': 'https://docs.github.com/rest/reference/pulls#get-a-pull-request'}
helix, 977, 2022-01-19 01:11:50 , 404{'message': 'Not Found', 'documentation_url': 'https://docs.github.com/rest/reference/pulls#get-a-pull-request'}
helix, 983, 2022-01-19 01:12:14 , 404{'message': 'Not Found', 'documentation_url': 'https://docs.github.com/rest/reference/pulls#get-a-pull-request'}
helix, 985, 2022-01-19 01:12:19 , 404{'message': 'Not Found', 'documentation_url': 'https://docs.github.com/rest/reference/pulls#get-a-pull-request'}
helix, 990, 2022-01-19 01:12:40 , 404{'message': 'Not Found', 'documentation_url': 'https://docs.github.com/rest/reference/pulls#get-a-pull-request'}
helix, 992, 2022-01-19 01:12:45 , 404{'message': 'Not Found', 'documentation_url': 'https://docs.github.com/rest/reference/pulls#get-a-pull-request'}
helix, 998, 2022-01-19 01:13:09 , 404{'message': 'Not Found', 'documentation_url': 'https://docs.github.com/rest/reference/pulls#get-a-pull-request'}
helix, 1000, 2022-01-19 01:13:14 , 404{'message': 'Not Found', 'documentation_url': 'https://docs.github.com/rest/reference/pulls#get-a-pull-request'}
helix, 1003, 2022-01-19 01:13:25 , 404{'message': 'Not Found', 'documentation_url': 'https://docs.github.com/rest/reference/pulls#get-a-pull-request'}
helix, 1005, 2022-01-19 01:13:30 , 404{'message': 'Not Found', 'documentation_url': 'https://docs.github.com/rest/reference/pulls#get-a-pull-request'}
helix, 1006, 2022-01-19 01:13:31 , 404{'message': 'Not Found', 'documentation_url': 'https://docs.github.com/rest/reference/pulls#get-a-pull-request'}
helix, 1007, 2022-01-19 01:13:32 , 404{'message': 'Not Found', 'documentation_url': 'https://docs.github.com/rest/reference/pulls#get-a-pull-request'}
helix, 1008, 2022-01-19 01:13:33 , 404{'message': 'Not Found', 'documentation_url': 'https://docs.github.com/rest/reference/pulls#get-a-pull-request'}
helix, 1009, 2022-01-19 01:13:34 , 404{'message': 'Not Found', 'documentation_url': 'https://docs.github.com/rest/reference/pulls#get-a-pull-request'}
helix, 1012, 2022-01-19 01:13:45 , 404{'message': 'Not Found', 'documentation_url': 'https://docs.github.com/rest/reference/pulls#get-a-pull-request'}
helix, 1013, 2022-01-19 01:13:45 , 404{'message': 'Not Found', 'documentation_url': 'https://docs.github.com/rest/reference/pulls#get-a-pull-request'}
helix, 1014, 2022-01-19 01:13:46 , 404{'message': 'Not Found', 'documentation_url': 'https://docs.github.com/rest/reference/pulls#get-a-pull-request'}
helix, 1015, 2022-01-19 01:13:47 , 404{'message': 'Not Found', 'documentation_url': 'https://docs.github.com/rest/reference/pulls#get-a-pull-request'}
helix, 1016, 2022-01-19 01:13:48 , 404{'message': 'Not Found', 'documentation_url': 'https://docs.github.com/rest/reference/pulls#get-a-pull-request'}
helix, 1017, 2022-01-19 01:13:50 , 404{'message': 'Not Found', 'documentation_url': 'https://docs.github.com/rest/reference/pulls#get-a-pull-request'}
helix, 1018, 2022-01-19 01:13:51 , 404{'message': 'Not Found', 'documentation_url': 'https://docs.github.com/rest/reference/pulls#get-a-pull-request'}
helix, 1021, 2022-01-19 01:14:00 , 404{'message': 'Not Found', 'documentation_url': 'https://docs.github.com/rest/reference/pulls#get-a-pull-request'}
helix, 1022, 2022-01-19 01:14:01 , 404{'message': 'Not Found', 'documentation_url': 'https://docs.github.com/rest/reference/pulls#get-a-pull-request'}
helix, 1023, 2022-01-19 01:14:02 , 404{'message': 'Not Found', 'documentation_url': 'https://docs.github.com/rest/reference/pulls#get-a-pull-request'}
helix, 1024, 2022-01-19 01:14:03 , 404{'message': 'Not Found', 'documentation_url': 'https://docs.github.com/rest/reference/pulls#get-a-pull-request'}
helix, 1028, 2022-01-19 01:14:20 , 404{'message': 'Not Found', 'documentation_url': 'https://docs.github.com/rest/reference/pulls#get-a-pull-request'}
helix, 1036, 2022-01-19 01:14:54 , 404{'message': 'Not Found', 'documentation_url': 'https://docs.github.com/rest/reference/pulls#get-a-pull-request'}
helix, 1037, 2022-01-19 01:14:55 , 404{'message': 'Not Found', 'documentation_url': 'https://docs.github.com/rest/reference/pulls#get-a-pull-request'}
helix, 1038, 2022-01-19 01:14:56 , 404{'message': 'Not Found', 'documentation_url': 'https://docs.github.com/rest/reference/pulls#get-a-pull-request'}
helix, 1043, 2022-01-19 01:15:16 , 404{'message': 'Not Found', 'documentation_url': 'https://docs.github.com/rest/reference/pulls#get-a-pull-request'}
helix, 1044, 2022-01-19 01:15:17 , 404{'message': 'Not Found', 'documentation_url': 'https://docs.github.com/rest/reference/pulls#get-a-pull-request'}
helix, 1045, 2022-01-19 01:15:18 , 404{'message': 'Not Found', 'documentation_url': 'https://docs.github.com/rest/reference/pulls#get-a-pull-request'}
helix, 1046, 2022-01-19 01:15:19 , 404{'message': 'Not Found', 'documentation_url': 'https://docs.github.com/rest/reference/pulls#get-a-pull-request'}
helix, 1048, 2022-01-19 01:15:24 , 404{'message': 'Not Found', 'documentation_url': 'https://docs.github.com/rest/reference/pulls#get-a-pull-request'}
helix, 1049, 2022-01-19 01:15:25 , 404{'message': 'Not Found', 'documentation_url': 'https://docs.github.com/rest/reference/pulls#get-a-pull-request'}
helix, 1051, 2022-01-19 01:15:31 , 404{'message': 'Not Found', 'documentation_url': 'https://docs.github.com/rest/reference/pulls#get-a-pull-request'}
helix, 1052, 2022-01-19 01:15:32 , 404{'message': 'Not Found', 'documentation_url': 'https://docs.github.com/rest/reference/pulls#get-a-pull-request'}
helix, 1053, 2022-01-19 01:15:33 , 404{'message': 'Not Found', 'documentation_url': 'https://docs.github.com/rest/reference/pulls#get-a-pull-request'}
helix, 1054, 2022-01-19 01:15:34 , 404{'message': 'Not Found', 'documentation_url': 'https://docs.github.com/rest/reference/pulls#get-a-pull-request'}
helix, 1059, 2022-01-19 01:15:53 , 404{'message': 'Not Found', 'documentation_url': 'https://docs.github.com/rest/reference/pulls#get-a-pull-request'}
helix, 1060, 2022-01-19 01:15:54 , 404{'message': 'Not Found', 'documentation_url': 'https://docs.github.com/rest/reference/pulls#get-a-pull-request'}
helix, 1062, 2022-01-19 01:15:59 , 404{'message': 'Not Found', 'documentation_url': 'https://docs.github.com/rest/reference/pulls#get-a-pull-request'}
helix, 1063, 2022-01-19 01:16:00 , 404{'message': 'Not Found', 'documentation_url': 'https://docs.github.com/rest/reference/pulls#get-a-pull-request'}
helix, 1064, 2022-01-19 01:16:01 , 404{'message': 'Not Found', 'documentation_url': 'https://docs.github.com/rest/reference/pulls#get-a-pull-request'}
helix, 1068, 2022-01-19 01:16:16 , 404{'message': 'Not Found', 'documentation_url': 'https://docs.github.com/rest/reference/pulls#get-a-pull-request'}
helix, 1072, 2022-01-19 01:16:31 , 404{'message': 'Not Found', 'documentation_url': 'https://docs.github.com/rest/reference/pulls#get-a-pull-request'}
helix, 1073, 2022-01-19 01:16:32 , 404{'message': 'Not Found', 'documentation_url': 'https://docs.github.com/rest/reference/pulls#get-a-pull-request'}
helix, 1074, 2022-01-19 01:16:33 , 404{'message': 'Not Found', 'documentation_url': 'https://docs.github.com/rest/reference/pulls#get-a-pull-request'}
helix, 1075, 2022-01-19 01:16:34 , 404{'message': 'Not Found', 'documentation_url': 'https://docs.github.com/rest/reference/pulls#get-a-pull-request'}
helix, 1077, 2022-01-19 01:16:39 , 404{'message': 'Not Found', 'documentation_url': 'https://docs.github.com/rest/reference/pulls#get-a-pull-request'}
helix, 1079, 2022-01-19 01:16:45 , 404{'message': 'Not Found', 'documentation_url': 'https://docs.github.com/rest/reference/pulls#get-a-pull-request'}
helix, 1082, 2022-01-19 01:16:55 , 404{'message': 'Not Found', 'documentation_url': 'https://docs.github.com/rest/reference/pulls#get-a-pull-request'}
helix, 1083, 2022-01-19 01:16:56 , 404{'message': 'Not Found', 'documentation_url': 'https://docs.github.com/rest/reference/pulls#get-a-pull-request'}
helix, 1084, 2022-01-19 01:16:57 , 404{'message': 'Not Found', 'documentation_url': 'https://docs.github.com/rest/reference/pulls#get-a-pull-request'}
helix, 1085, 2022-01-19 01:16:58 , 404{'message': 'Not Found', 'documentation_url': 'https://docs.github.com/rest/reference/pulls#get-a-pull-request'}
helix, 1086, 2022-01-19 01:16:59 , 404{'message': 'Not Found', 'documentation_url': 'https://docs.github.com/rest/reference/pulls#get-a-pull-request'}
helix, 1087, 2022-01-19 01:17:00 , 404{'message': 'Not Found', 'documentation_url': 'https://docs.github.com/rest/reference/pulls#get-a-pull-request'}
helix, 1090, 2022-01-19 01:17:10 , 404{'message': 'Not Found', 'documentation_url': 'https://docs.github.com/rest/reference/pulls#get-a-pull-request'}
helix, 1094, 2022-01-19 01:17:25 , 404{'message': 'Not Found', 'documentation_url': 'https://docs.github.com/rest/reference/pulls#get-a-pull-request'}
helix, 1098, 2022-01-19 01:17:40 , 404{'message': 'Not Found', 'documentation_url': 'https://docs.github.com/rest/reference/pulls#get-a-pull-request'}
helix, 1100, 2022-01-19 01:17:46 , 404{'message': 'Not Found', 'documentation_url': 'https://docs.github.com/rest/reference/pulls#get-a-pull-request'}
helix, 1106, 2022-01-19 01:18:10 , 404{'message': 'Not Found', 'documentation_url': 'https://docs.github.com/rest/reference/pulls#get-a-pull-request'}
helix, 1107, 2022-01-19 01:18:11 , 404{'message': 'Not Found', 'documentation_url': 'https://docs.github.com/rest/reference/pulls#get-a-pull-request'}
helix, 1108, 2022-01-19 01:18:12 , 404{'message': 'Not Found', 'documentation_url': 'https://docs.github.com/rest/reference/pulls#get-a-pull-request'}
helix, 1115, 2022-01-19 01:18:41 , 404{'message': 'Not Found', 'documentation_url': 'https://docs.github.com/rest/reference/pulls#get-a-pull-request'}
helix, 1125, 2022-01-19 01:19:23 , 404{'message': 'Not Found', 'documentation_url': 'https://docs.github.com/rest/reference/pulls#get-a-pull-request'}
helix, 1133, 2022-01-19 01:19:55 , 404{'message': 'Not Found', 'documentation_url': 'https://docs.github.com/rest/reference/pulls#get-a-pull-request'}
helix, 1135, 2022-01-19 01:20:01 , 404{'message': 'Not Found', 'documentation_url': 'https://docs.github.com/rest/reference/pulls#get-a-pull-request'}
helix, 1136, 2022-01-19 01:20:02 , 404{'message': 'Not Found', 'documentation_url': 'https://docs.github.com/rest/reference/pulls#get-a-pull-request'}
helix, 1138, 2022-01-19 01:20:09 , 404{'message': 'Not Found', 'documentation_url': 'https://docs.github.com/rest/reference/pulls#get-a-pull-request'}
helix, 1139, 2022-01-19 01:20:10 , 404{'message': 'Not Found', 'documentation_url': 'https://docs.github.com/rest/reference/pulls#get-a-pull-request'}
helix, 1142, 2022-01-19 01:20:20 , 404{'message': 'Not Found', 'documentation_url': 'https://docs.github.com/rest/reference/pulls#get-a-pull-request'}
helix, 1148, 2022-01-19 01:20:43 , 404{'message': 'Not Found', 'documentation_url': 'https://docs.github.com/rest/reference/pulls#get-a-pull-request'}
helix, 1150, 2022-01-19 01:20:48 , 404{'message': 'Not Found', 'documentation_url': 'https://docs.github.com/rest/reference/pulls#get-a-pull-request'}
helix, 1151, 2022-01-19 01:20:49 , 404{'message': 'Not Found', 'documentation_url': 'https://docs.github.com/rest/reference/pulls#get-a-pull-request'}
helix, 1152, 2022-01-19 01:20:50 , 404{'message': 'Not Found', 'documentation_url': 'https://docs.github.com/rest/reference/pulls#get-a-pull-request'}
helix, 1153, 2022-01-19 01:20:51 , 404{'message': 'Not Found', 'documentation_url': 'https://docs.github.com/rest/reference/pulls#get-a-pull-request'}
helix, 1155, 2022-01-19 01:20:58 , 404{'message': 'Not Found', 'documentation_url': 'https://docs.github.com/rest/reference/pulls#get-a-pull-request'}
helix, 1156, 2022-01-19 01:20:59 , 404{'message': 'Not Found', 'documentation_url': 'https://docs.github.com/rest/reference/pulls#get-a-pull-request'}
helix, 1157, 2022-01-19 01:21:00 , 404{'message': 'Not Found', 'documentation_url': 'https://docs.github.com/rest/reference/pulls#get-a-pull-request'}
helix, 1159, 2022-01-19 01:21:05 , 404{'message': 'Not Found', 'documentation_url': 'https://docs.github.com/rest/reference/pulls#get-a-pull-request'}
helix, 1161, 2022-01-19 01:21:11 , 404{'message': 'Not Found', 'documentation_url': 'https://docs.github.com/rest/reference/pulls#get-a-pull-request'}
helix, 1163, 2022-01-19 01:21:17 , 404{'message': 'Not Found', 'documentation_url': 'https://docs.github.com/rest/reference/pulls#get-a-pull-request'}
helix, 1164, 2022-01-19 01:21:18 , 404{'message': 'Not Found', 'documentation_url': 'https://docs.github.com/rest/reference/pulls#get-a-pull-request'}
helix, 1168, 2022-01-19 01:21:32 , 404{'message': 'Not Found', 'documentation_url': 'https://docs.github.com/rest/reference/pulls#get-a-pull-request'}
helix, 1171, 2022-01-19 01:21:42 , 404{'message': 'Not Found', 'documentation_url': 'https://docs.github.com/rest/reference/pulls#get-a-pull-request'}
helix, 1172, 2022-01-19 01:21:43 , 404{'message': 'Not Found', 'documentation_url': 'https://docs.github.com/rest/reference/pulls#get-a-pull-request'}
helix, 1174, 2022-01-19 01:21:49 , 404{'message': 'Not Found', 'documentation_url': 'https://docs.github.com/rest/reference/pulls#get-a-pull-request'}
helix, 1175, 2022-01-19 01:21:50 , 404{'message': 'Not Found', 'documentation_url': 'https://docs.github.com/rest/reference/pulls#get-a-pull-request'}
helix, 1176, 2022-01-19 01:21:51 , 404{'message': 'Not Found', 'documentation_url': 'https://docs.github.com/rest/reference/pulls#get-a-pull-request'}
helix, 1177, 2022-01-19 01:21:52 , 404{'message': 'Not Found', 'documentation_url': 'https://docs.github.com/rest/reference/pulls#get-a-pull-request'}
helix, 1179, 2022-01-19 01:21:58 , 404{'message': 'Not Found', 'documentation_url': 'https://docs.github.com/rest/reference/pulls#get-a-pull-request'}
helix, 1181, 2022-01-19 01:22:03 , 404{'message': 'Not Found', 'documentation_url': 'https://docs.github.com/rest/reference/pulls#get-a-pull-request'}
helix, 1182, 2022-01-19 01:22:04 , 404{'message': 'Not Found', 'documentation_url': 'https://docs.github.com/rest/reference/pulls#get-a-pull-request'}
helix, 1186, 2022-01-19 01:22:18 , 404{'message': 'Not Found', 'documentation_url': 'https://docs.github.com/rest/reference/pulls#get-a-pull-request'}
helix, 1187, 2022-01-19 01:22:19 , 404{'message': 'Not Found', 'documentation_url': 'https://docs.github.com/rest/reference/pulls#get-a-pull-request'}
helix, 1188, 2022-01-19 01:22:20 , 404{'message': 'Not Found', 'documentation_url': 'https://docs.github.com/rest/reference/pulls#get-a-pull-request'}
helix, 1195, 2022-01-19 01:22:48 , 404{'message': 'Not Found', 'documentation_url': 'https://docs.github.com/rest/reference/pulls#get-a-pull-request'}
helix, 1196, 2022-01-19 01:22:49 , 404{'message': 'Not Found', 'documentation_url': 'https://docs.github.com/rest/reference/pulls#get-a-pull-request'}
helix, 1197, 2022-01-19 01:22:49 , 404{'message': 'Not Found', 'documentation_url': 'https://docs.github.com/rest/reference/pulls#get-a-pull-request'}
helix, 1198, 2022-01-19 01:22:50 , 404{'message': 'Not Found', 'documentation_url': 'https://docs.github.com/rest/reference/pulls#get-a-pull-request'}
helix, 1199, 2022-01-19 01:22:51 , 404{'message': 'Not Found', 'documentation_url': 'https://docs.github.com/rest/reference/pulls#get-a-pull-request'}
helix, 1200, 2022-01-19 01:22:52 , 404{'message': 'Not Found', 'documentation_url': 'https://docs.github.com/rest/reference/pulls#get-a-pull-request'}
helix, 1202, 2022-01-19 01:22:58 , 404{'message': 'Not Found', 'documentation_url': 'https://docs.github.com/rest/reference/pulls#get-a-pull-request'}
helix, 1204, 2022-01-19 01:23:04 , 404{'message': 'Not Found', 'documentation_url': 'https://docs.github.com/rest/reference/pulls#get-a-pull-request'}
helix, 1205, 2022-01-19 01:23:05 , 404{'message': 'Not Found', 'documentation_url': 'https://docs.github.com/rest/reference/pulls#get-a-pull-request'}
helix, 1208, 2022-01-19 01:23:14 , 404{'message': 'Not Found', 'documentation_url': 'https://docs.github.com/rest/reference/pulls#get-a-pull-request'}
helix, 1209, 2022-01-19 01:23:15 , 404{'message': 'Not Found', 'documentation_url': 'https://docs.github.com/rest/reference/pulls#get-a-pull-request'}
helix, 1210, 2022-01-19 01:23:16 , 404{'message': 'Not Found', 'documentation_url': 'https://docs.github.com/rest/reference/pulls#get-a-pull-request'}
helix, 1211, 2022-01-19 01:23:17 , 404{'message': 'Not Found', 'documentation_url': 'https://docs.github.com/rest/reference/pulls#get-a-pull-request'}
helix, 1212, 2022-01-19 01:23:18 , 404{'message': 'Not Found', 'documentation_url': 'https://docs.github.com/rest/reference/pulls#get-a-pull-request'}
helix, 1213, 2022-01-19 01:23:19 , 404{'message': 'Not Found', 'documentation_url': 'https://docs.github.com/rest/reference/pulls#get-a-pull-request'}
helix, 1214, 2022-01-19 01:23:20 , 404{'message': 'Not Found', 'documentation_url': 'https://docs.github.com/rest/reference/pulls#get-a-pull-request'}
helix, 1215, 2022-01-19 01:23:21 , 404{'message': 'Not Found', 'documentation_url': 'https://docs.github.com/rest/reference/pulls#get-a-pull-request'}
helix, 1216, 2022-01-19 01:23:22 , 404{'message': 'Not Found', 'documentation_url': 'https://docs.github.com/rest/reference/pulls#get-a-pull-request'}
helix, 1217, 2022-01-19 01:23:23 , 404{'message': 'Not Found', 'documentation_url': 'https://docs.github.com/rest/reference/pulls#get-a-pull-request'}
helix, 1221, 2022-01-19 01:23:39 , 404{'message': 'Not Found', 'documentation_url': 'https://docs.github.com/rest/reference/pulls#get-a-pull-request'}
helix, 1223, 2022-01-19 01:23:44 , 404{'message': 'Not Found', 'documentation_url': 'https://docs.github.com/rest/reference/pulls#get-a-pull-request'}
helix, 1227, 2022-01-19 01:23:59 , 404{'message': 'Not Found', 'documentation_url': 'https://docs.github.com/rest/reference/pulls#get-a-pull-request'}
helix, 1229, 2022-01-19 01:24:04 , 404{'message': 'Not Found', 'documentation_url': 'https://docs.github.com/rest/reference/pulls#get-a-pull-request'}
helix, 1233, 2022-01-19 01:24:20 , 404{'message': 'Not Found', 'documentation_url': 'https://docs.github.com/rest/reference/pulls#get-a-pull-request'}
helix, 1237, 2022-01-19 01:24:35 , 404{'message': 'Not Found', 'documentation_url': 'https://docs.github.com/rest/reference/pulls#get-a-pull-request'}
helix, 1238, 2022-01-19 01:24:36 , 404{'message': 'Not Found', 'documentation_url': 'https://docs.github.com/rest/reference/pulls#get-a-pull-request'}
helix, 1242, 2022-01-19 01:24:50 , 404{'message': 'Not Found', 'documentation_url': 'https://docs.github.com/rest/reference/pulls#get-a-pull-request'}
helix, 1245, 2022-01-19 01:25:00 , 404{'message': 'Not Found', 'documentation_url': 'https://docs.github.com/rest/reference/pulls#get-a-pull-request'}
helix, 1246, 2022-01-19 01:25:01 , 404{'message': 'Not Found', 'documentation_url': 'https://docs.github.com/rest/reference/pulls#get-a-pull-request'}
helix, 1248, 2022-01-19 01:25:07 , 404{'message': 'Not Found', 'documentation_url': 'https://docs.github.com/rest/reference/pulls#get-a-pull-request'}
helix, 1251, 2022-01-19 01:25:18 , 404{'message': 'Not Found', 'documentation_url': 'https://docs.github.com/rest/reference/pulls#get-a-pull-request'}
helix, 1252, 2022-01-19 01:25:19 , 404{'message': 'Not Found', 'documentation_url': 'https://docs.github.com/rest/reference/pulls#get-a-pull-request'}
helix, 1256, 2022-01-19 01:25:35 , 404{'message': 'Not Found', 'documentation_url': 'https://docs.github.com/rest/reference/pulls#get-a-pull-request'}
helix, 1257, 2022-01-19 01:25:36 , 404{'message': 'Not Found', 'documentation_url': 'https://docs.github.com/rest/reference/pulls#get-a-pull-request'}
helix, 1259, 2022-01-19 01:25:41 , 404{'message': 'Not Found', 'documentation_url': 'https://docs.github.com/rest/reference/pulls#get-a-pull-request'}
helix, 1262, 2022-01-19 01:25:52 , 404{'message': 'Not Found', 'documentation_url': 'https://docs.github.com/rest/reference/pulls#get-a-pull-request'}
helix, 1268, 2022-01-19 01:26:14 , 404{'message': 'Not Found', 'documentation_url': 'https://docs.github.com/rest/reference/pulls#get-a-pull-request'}
helix, 1269, 2022-01-19 01:26:15 , 404{'message': 'Not Found', 'documentation_url': 'https://docs.github.com/rest/reference/pulls#get-a-pull-request'}
helix, 1271, 2022-01-19 01:26:21 , 404{'message': 'Not Found', 'documentation_url': 'https://docs.github.com/rest/reference/pulls#get-a-pull-request'}
helix, 1274, 2022-01-19 01:26:31 , 404{'message': 'Not Found', 'documentation_url': 'https://docs.github.com/rest/reference/pulls#get-a-pull-request'}
helix, 1275, 2022-01-19 01:26:32 , 404{'message': 'Not Found', 'documentation_url': 'https://docs.github.com/rest/reference/pulls#get-a-pull-request'}
helix, 1276, 2022-01-19 01:26:33 , 404{'message': 'Not Found', 'documentation_url': 'https://docs.github.com/rest/reference/pulls#get-a-pull-request'}
helix, 1277, 2022-01-19 01:26:34 , 404{'message': 'Not Found', 'documentation_url': 'https://docs.github.com/rest/reference/pulls#get-a-pull-request'}
helix, 1281, 2022-01-19 01:26:48 , 404{'message': 'Not Found', 'documentation_url': 'https://docs.github.com/rest/reference/pulls#get-a-pull-request'}
helix, 1282, 2022-01-19 01:26:49 , 404{'message': 'Not Found', 'documentation_url': 'https://docs.github.com/rest/reference/pulls#get-a-pull-request'}
helix, 1283, 2022-01-19 01:26:50 , 404{'message': 'Not Found', 'documentation_url': 'https://docs.github.com/rest/reference/pulls#get-a-pull-request'}
helix, 1284, 2022-01-19 01:26:51 , 404{'message': 'Not Found', 'documentation_url': 'https://docs.github.com/rest/reference/pulls#get-a-pull-request'}
helix, 1289, 2022-01-19 01:27:12 , 404{'message': 'Not Found', 'documentation_url': 'https://docs.github.com/rest/reference/pulls#get-a-pull-request'}
helix, 1290, 2022-01-19 01:27:13 , 404{'message': 'Not Found', 'documentation_url': 'https://docs.github.com/rest/reference/pulls#get-a-pull-request'}
helix, 1291, 2022-01-19 01:27:14 , 404{'message': 'Not Found', 'documentation_url': 'https://docs.github.com/rest/reference/pulls#get-a-pull-request'}
helix, 1292, 2022-01-19 01:27:15 , 404{'message': 'Not Found', 'documentation_url': 'https://docs.github.com/rest/reference/pulls#get-a-pull-request'}
helix, 1299, 2022-01-19 01:27:41 , 404{'message': 'Not Found', 'documentation_url': 'https://docs.github.com/rest/reference/pulls#get-a-pull-request'}
helix, 1301, 2022-01-19 01:27:47 , 404{'message': 'Not Found', 'documentation_url': 'https://docs.github.com/rest/reference/pulls#get-a-pull-request'}
helix, 1302, 2022-01-19 01:27:48 , 404{'message': 'Not Found', 'documentation_url': 'https://docs.github.com/rest/reference/pulls#get-a-pull-request'}
helix, 1305, 2022-01-19 01:27:59 , 404{'message': 'Not Found', 'documentation_url': 'https://docs.github.com/rest/reference/pulls#get-a-pull-request'}
helix, 1306, 2022-01-19 01:28:00 , 404{'message': 'Not Found', 'documentation_url': 'https://docs.github.com/rest/reference/pulls#get-a-pull-request'}
helix, 1310, 2022-01-19 01:28:14 , 404{'message': 'Not Found', 'documentation_url': 'https://docs.github.com/rest/reference/pulls#get-a-pull-request'}
helix, 1311, 2022-01-19 01:28:15 , 404{'message': 'Not Found', 'documentation_url': 'https://docs.github.com/rest/reference/pulls#get-a-pull-request'}
helix, 1313, 2022-01-19 01:28:21 , 404{'message': 'Not Found', 'documentation_url': 'https://docs.github.com/rest/reference/pulls#get-a-pull-request'}
helix, 1324, 2022-01-19 01:29:06 , 404{'message': 'Not Found', 'documentation_url': 'https://docs.github.com/rest/reference/pulls#get-a-pull-request'}
helix, 1326, 2022-01-19 01:29:12 , 404{'message': 'Not Found', 'documentation_url': 'https://docs.github.com/rest/reference/pulls#get-a-pull-request'}
helix, 1327, 2022-01-19 01:29:13 , 404{'message': 'Not Found', 'documentation_url': 'https://docs.github.com/rest/reference/pulls#get-a-pull-request'}
helix, 1328, 2022-01-19 01:29:14 , 404{'message': 'Not Found', 'documentation_url': 'https://docs.github.com/rest/reference/pulls#get-a-pull-request'}
helix, 1329, 2022-01-19 01:29:15 , 404{'message': 'Not Found', 'documentation_url': 'https://docs.github.com/rest/reference/pulls#get-a-pull-request'}
helix, 1331, 2022-01-19 01:29:20 , 404{'message': 'Not Found', 'documentation_url': 'https://docs.github.com/rest/reference/pulls#get-a-pull-request'}
helix, 1332, 2022-01-19 01:29:21 , 404{'message': 'Not Found', 'documentation_url': 'https://docs.github.com/rest/reference/pulls#get-a-pull-request'}
helix, 1333, 2022-01-19 01:29:22 , 404{'message': 'Not Found', 'documentation_url': 'https://docs.github.com/rest/reference/pulls#get-a-pull-request'}
helix, 1334, 2022-01-19 01:29:23 , 404{'message': 'Not Found', 'documentation_url': 'https://docs.github.com/rest/reference/pulls#get-a-pull-request'}
helix, 1335, 2022-01-19 01:29:24 , 404{'message': 'Not Found', 'documentation_url': 'https://docs.github.com/rest/reference/pulls#get-a-pull-request'}
helix, 1337, 2022-01-19 01:29:30 , 404{'message': 'Not Found', 'documentation_url': 'https://docs.github.com/rest/reference/pulls#get-a-pull-request'}
helix, 1344, 2022-01-19 01:29:58 , 404{'message': 'Not Found', 'documentation_url': 'https://docs.github.com/rest/reference/pulls#get-a-pull-request'}
helix, 1345, 2022-01-19 01:29:59 , 404{'message': 'Not Found', 'documentation_url': 'https://docs.github.com/rest/reference/pulls#get-a-pull-request'}
helix, 1347, 2022-01-19 01:30:05 , 404{'message': 'Not Found', 'documentation_url': 'https://docs.github.com/rest/reference/pulls#get-a-pull-request'}
helix, 1354, 2022-01-19 01:30:33 , 404{'message': 'Not Found', 'documentation_url': 'https://docs.github.com/rest/reference/pulls#get-a-pull-request'}
helix, 1356, 2022-01-19 01:30:39 , 404{'message': 'Not Found', 'documentation_url': 'https://docs.github.com/rest/reference/pulls#get-a-pull-request'}
helix, 1357, 2022-01-19 01:30:40 , 404{'message': 'Not Found', 'documentation_url': 'https://docs.github.com/rest/reference/pulls#get-a-pull-request'}
helix, 1358, 2022-01-19 01:30:41 , 404{'message': 'Not Found', 'documentation_url': 'https://docs.github.com/rest/reference/pulls#get-a-pull-request'}
helix, 1360, 2022-01-19 01:30:46 , 404{'message': 'Not Found', 'documentation_url': 'https://docs.github.com/rest/reference/pulls#get-a-pull-request'}
helix, 1364, 2022-01-19 01:31:01 , 404{'message': 'Not Found', 'documentation_url': 'https://docs.github.com/rest/reference/pulls#get-a-pull-request'}
helix, 1365, 2022-01-19 01:31:02 , 404{'message': 'Not Found', 'documentation_url': 'https://docs.github.com/rest/reference/pulls#get-a-pull-request'}
helix, 1366, 2022-01-19 01:31:03 , 404{'message': 'Not Found', 'documentation_url': 'https://docs.github.com/rest/reference/pulls#get-a-pull-request'}
helix, 1367, 2022-01-19 01:31:04 , 404{'message': 'Not Found', 'documentation_url': 'https://docs.github.com/rest/reference/pulls#get-a-pull-request'}
helix, 1368, 2022-01-19 01:31:05 , 404{'message': 'Not Found', 'documentation_url': 'https://docs.github.com/rest/reference/pulls#get-a-pull-request'}
helix, 1369, 2022-01-19 01:31:06 , 404{'message': 'Not Found', 'documentation_url': 'https://docs.github.com/rest/reference/pulls#get-a-pull-request'}
helix, 1374, 2022-01-19 01:31:25 , 404{'message': 'Not Found', 'documentation_url': 'https://docs.github.com/rest/reference/pulls#get-a-pull-request'}
helix, 1375, 2022-01-19 01:31:25 , 404{'message': 'Not Found', 'documentation_url': 'https://docs.github.com/rest/reference/pulls#get-a-pull-request'}
helix, 1376, 2022-01-19 01:31:26 , 404{'message': 'Not Found', 'documentation_url': 'https://docs.github.com/rest/reference/pulls#get-a-pull-request'}
helix, 1377, 2022-01-19 01:31:27 , 404{'message': 'Not Found', 'documentation_url': 'https://docs.github.com/rest/reference/pulls#get-a-pull-request'}
helix, 1378, 2022-01-19 01:31:28 , 404{'message': 'Not Found', 'documentation_url': 'https://docs.github.com/rest/reference/pulls#get-a-pull-request'}
helix, 1380, 2022-01-19 01:31:35 , 404{'message': 'Not Found', 'documentation_url': 'https://docs.github.com/rest/reference/pulls#get-a-pull-request'}
helix, 1381, 2022-01-19 01:31:36 , 404{'message': 'Not Found', 'documentation_url': 'https://docs.github.com/rest/reference/pulls#get-a-pull-request'}
helix, 1382, 2022-01-19 01:31:37 , 404{'message': 'Not Found', 'documentation_url': 'https://docs.github.com/rest/reference/pulls#get-a-pull-request'}
helix, 1383, 2022-01-19 01:31:38 , 404{'message': 'Not Found', 'documentation_url': 'https://docs.github.com/rest/reference/pulls#get-a-pull-request'}
helix, 1384, 2022-01-19 01:31:38 , 404{'message': 'Not Found', 'documentation_url': 'https://docs.github.com/rest/reference/pulls#get-a-pull-request'}
helix, 1396, 2022-01-19 01:32:29 , 404{'message': 'Not Found', 'documentation_url': 'https://docs.github.com/rest/reference/pulls#get-a-pull-request'}
helix, 1403, 2022-01-19 01:32:58 , 404{'message': 'Not Found', 'documentation_url': 'https://docs.github.com/rest/reference/pulls#get-a-pull-request'}
helix, 1404, 2022-01-19 01:32:59 , 404{'message': 'Not Found', 'documentation_url': 'https://docs.github.com/rest/reference/pulls#get-a-pull-request'}
helix, 1406, 2022-01-19 01:33:05 , 404{'message': 'Not Found', 'documentation_url': 'https://docs.github.com/rest/reference/pulls#get-a-pull-request'}
helix, 1407, 2022-01-19 01:33:06 , 404{'message': 'Not Found', 'documentation_url': 'https://docs.github.com/rest/reference/pulls#get-a-pull-request'}
helix, 1410, 2022-01-19 01:33:16 , 404{'message': 'Not Found', 'documentation_url': 'https://docs.github.com/rest/reference/pulls#get-a-pull-request'}
helix, 1411, 2022-01-19 01:33:17 , 404{'message': 'Not Found', 'documentation_url': 'https://docs.github.com/rest/reference/pulls#get-a-pull-request'}
helix, 1413, 2022-01-19 01:33:22 , 404{'message': 'Not Found', 'documentation_url': 'https://docs.github.com/rest/reference/pulls#get-a-pull-request'}
helix, 1415, 2022-01-19 01:33:28 , 404{'message': 'Not Found', 'documentation_url': 'https://docs.github.com/rest/reference/pulls#get-a-pull-request'}
helix, 1419, 2022-01-19 01:33:42 , 404{'message': 'Not Found', 'documentation_url': 'https://docs.github.com/rest/reference/pulls#get-a-pull-request'}
helix, 1425, 2022-01-19 01:34:06 , 404{'message': 'Not Found', 'documentation_url': 'https://docs.github.com/rest/reference/pulls#get-a-pull-request'}
helix, 1436, 2022-01-19 01:34:53 , 404{'message': 'Not Found', 'documentation_url': 'https://docs.github.com/rest/reference/pulls#get-a-pull-request'}
helix, 1437, 2022-01-19 01:34:54 , 404{'message': 'Not Found', 'documentation_url': 'https://docs.github.com/rest/reference/pulls#get-a-pull-request'}
helix, 1438, 2022-01-19 01:34:55 , 404{'message': 'Not Found', 'documentation_url': 'https://docs.github.com/rest/reference/pulls#get-a-pull-request'}
helix, 1439, 2022-01-19 01:34:56 , 404{'message': 'Not Found', 'documentation_url': 'https://docs.github.com/rest/reference/pulls#get-a-pull-request'}
helix, 1440, 2022-01-19 01:34:57 , 404{'message': 'Not Found', 'documentation_url': 'https://docs.github.com/rest/reference/pulls#get-a-pull-request'}
helix, 1442, 2022-01-19 01:35:03 , 404{'message': 'Not Found', 'documentation_url': 'https://docs.github.com/rest/reference/pulls#get-a-pull-request'}
helix, 1443, 2022-01-19 01:35:04 , 404{'message': 'Not Found', 'documentation_url': 'https://docs.github.com/rest/reference/pulls#get-a-pull-request'}
helix, 1446, 2022-01-19 01:35:13 , 404{'message': 'Not Found', 'documentation_url': 'https://docs.github.com/rest/reference/pulls#get-a-pull-request'}
helix, 1447, 2022-01-19 01:35:14 , 404{'message': 'Not Found', 'documentation_url': 'https://docs.github.com/rest/reference/pulls#get-a-pull-request'}
helix, 1448, 2022-01-19 01:35:15 , 404{'message': 'Not Found', 'documentation_url': 'https://docs.github.com/rest/reference/pulls#get-a-pull-request'}
helix, 1450, 2022-01-19 01:35:20 , 404{'message': 'Not Found', 'documentation_url': 'https://docs.github.com/rest/reference/pulls#get-a-pull-request'}
helix, 1451, 2022-01-19 01:35:21 , 404{'message': 'Not Found', 'documentation_url': 'https://docs.github.com/rest/reference/pulls#get-a-pull-request'}
helix, 1452, 2022-01-19 01:35:22 , 404{'message': 'Not Found', 'documentation_url': 'https://docs.github.com/rest/reference/pulls#get-a-pull-request'}
helix, 1462, 2022-01-19 01:36:03 , 404{'message': 'Not Found', 'documentation_url': 'https://docs.github.com/rest/reference/pulls#get-a-pull-request'}
helix, 1463, 2022-01-19 01:36:04 , 404{'message': 'Not Found', 'documentation_url': 'https://docs.github.com/rest/reference/pulls#get-a-pull-request'}
helix, 1467, 2022-01-19 01:36:19 , 404{'message': 'Not Found', 'documentation_url': 'https://docs.github.com/rest/reference/pulls#get-a-pull-request'}
helix, 1469, 2022-01-19 01:36:25 , 404{'message': 'Not Found', 'documentation_url': 'https://docs.github.com/rest/reference/pulls#get-a-pull-request'}
helix, 1471, 2022-01-19 01:36:30 , 404{'message': 'Not Found', 'documentation_url': 'https://docs.github.com/rest/reference/pulls#get-a-pull-request'}
helix, 1472, 2022-01-19 01:36:31 , 404{'message': 'Not Found', 'documentation_url': 'https://docs.github.com/rest/reference/pulls#get-a-pull-request'}
helix, 1473, 2022-01-19 01:36:32 , 404{'message': 'Not Found', 'documentation_url': 'https://docs.github.com/rest/reference/pulls#get-a-pull-request'}
helix, 1474, 2022-01-19 01:36:33 , 404{'message': 'Not Found', 'documentation_url': 'https://docs.github.com/rest/reference/pulls#get-a-pull-request'}
helix, 1475, 2022-01-19 01:36:34 , 404{'message': 'Not Found', 'documentation_url': 'https://docs.github.com/rest/reference/pulls#get-a-pull-request'}
helix, 1478, 2022-01-19 01:36:44 , 404{'message': 'Not Found', 'documentation_url': 'https://docs.github.com/rest/reference/pulls#get-a-pull-request'}
helix, 1479, 2022-01-19 01:36:45 , 404{'message': 'Not Found', 'documentation_url': 'https://docs.github.com/rest/reference/pulls#get-a-pull-request'}
helix, 1480, 2022-01-19 01:36:46 , 404{'message': 'Not Found', 'documentation_url': 'https://docs.github.com/rest/reference/pulls#get-a-pull-request'}
helix, 1481, 2022-01-19 01:36:46 , 404{'message': 'Not Found', 'documentation_url': 'https://docs.github.com/rest/reference/pulls#get-a-pull-request'}
helix, 1483, 2022-01-19 01:36:52 , 404{'message': 'Not Found', 'documentation_url': 'https://docs.github.com/rest/reference/pulls#get-a-pull-request'}
helix, 1484, 2022-01-19 01:36:53 , 404{'message': 'Not Found', 'documentation_url': 'https://docs.github.com/rest/reference/pulls#get-a-pull-request'}
helix, 1486, 2022-01-19 01:36:58 , 404{'message': 'Not Found', 'documentation_url': 'https://docs.github.com/rest/reference/pulls#get-a-pull-request'}
helix, 1487, 2022-01-19 01:36:59 , 404{'message': 'Not Found', 'documentation_url': 'https://docs.github.com/rest/reference/pulls#get-a-pull-request'}
helix, 1488, 2022-01-19 01:37:00 , 404{'message': 'Not Found', 'documentation_url': 'https://docs.github.com/rest/reference/pulls#get-a-pull-request'}
helix, 1489, 2022-01-19 01:37:01 , 404{'message': 'Not Found', 'documentation_url': 'https://docs.github.com/rest/reference/pulls#get-a-pull-request'}
helix, 1491, 2022-01-19 01:37:07 , 404{'message': 'Not Found', 'documentation_url': 'https://docs.github.com/rest/reference/pulls#get-a-pull-request'}
helix, 1492, 2022-01-19 01:37:08 , 404{'message': 'Not Found', 'documentation_url': 'https://docs.github.com/rest/reference/pulls#get-a-pull-request'}
helix, 1493, 2022-01-19 01:37:09 , 404{'message': 'Not Found', 'documentation_url': 'https://docs.github.com/rest/reference/pulls#get-a-pull-request'}
helix, 1494, 2022-01-19 01:37:10 , 404{'message': 'Not Found', 'documentation_url': 'https://docs.github.com/rest/reference/pulls#get-a-pull-request'}
helix, 1497, 2022-01-19 01:37:21 , 404{'message': 'Not Found', 'documentation_url': 'https://docs.github.com/rest/reference/pulls#get-a-pull-request'}
helix, 1498, 2022-01-19 01:37:21 , 404{'message': 'Not Found', 'documentation_url': 'https://docs.github.com/rest/reference/pulls#get-a-pull-request'}
helix, 1499, 2022-01-19 01:37:22 , 404{'message': 'Not Found', 'documentation_url': 'https://docs.github.com/rest/reference/pulls#get-a-pull-request'}
helix, 1500, 2022-01-19 01:37:23 , 404{'message': 'Not Found', 'documentation_url': 'https://docs.github.com/rest/reference/pulls#get-a-pull-request'}
helix, 1503, 2022-01-19 01:37:33 , 404{'message': 'Not Found', 'documentation_url': 'https://docs.github.com/rest/reference/pulls#get-a-pull-request'}
helix, 1504, 2022-01-19 01:37:34 , 404{'message': 'Not Found', 'documentation_url': 'https://docs.github.com/rest/reference/pulls#get-a-pull-request'}
helix, 1505, 2022-01-19 01:37:35 , 404{'message': 'Not Found', 'documentation_url': 'https://docs.github.com/rest/reference/pulls#get-a-pull-request'}
helix, 1508, 2022-01-19 01:37:44 , 404{'message': 'Not Found', 'documentation_url': 'https://docs.github.com/rest/reference/pulls#get-a-pull-request'}
helix, 1510, 2022-01-19 01:37:50 , 404{'message': 'Not Found', 'documentation_url': 'https://docs.github.com/rest/reference/pulls#get-a-pull-request'}
helix, 1511, 2022-01-19 01:37:51 , 404{'message': 'Not Found', 'documentation_url': 'https://docs.github.com/rest/reference/pulls#get-a-pull-request'}
helix, 1512, 2022-01-19 01:37:52 , 404{'message': 'Not Found', 'documentation_url': 'https://docs.github.com/rest/reference/pulls#get-a-pull-request'}
helix, 1513, 2022-01-19 01:37:53 , 404{'message': 'Not Found', 'documentation_url': 'https://docs.github.com/rest/reference/pulls#get-a-pull-request'}
helix, 1517, 2022-01-19 01:38:08 , 404{'message': 'Not Found', 'documentation_url': 'https://docs.github.com/rest/reference/pulls#get-a-pull-request'}
helix, 1519, 2022-01-19 01:38:14 , 404{'message': 'Not Found', 'documentation_url': 'https://docs.github.com/rest/reference/pulls#get-a-pull-request'}
helix, 1523, 2022-01-19 01:38:28 , 404{'message': 'Not Found', 'documentation_url': 'https://docs.github.com/rest/reference/pulls#get-a-pull-request'}
helix, 1534, 2022-01-19 01:39:13 , 404{'message': 'Not Found', 'documentation_url': 'https://docs.github.com/rest/reference/pulls#get-a-pull-request'}
helix, 1538, 2022-01-19 01:39:26 , 404{'message': 'Not Found', 'documentation_url': 'https://docs.github.com/rest/reference/pulls#get-a-pull-request'}
helix, 1539, 2022-01-19 01:39:27 , 404{'message': 'Not Found', 'documentation_url': 'https://docs.github.com/rest/reference/pulls#get-a-pull-request'}
