hibernate-orm, 0, 2022-01-18 00:38:56 , 404{'message': 'Not Found', 'documentation_url': 'https://docs.github.com/rest/reference/pulls#get-a-pull-request'}
hibernate-orm, 3418, 2022-01-18 04:49:11 , 404{'message': 'Not Found', 'documentation_url': 'https://docs.github.com/rest/reference/pulls#get-a-pull-request'}
hibernate-orm, 3767, 2022-01-18 05:14:39 , 404{'message': 'Not Found', 'documentation_url': 'https://docs.github.com/rest/reference/pulls#get-a-pull-request'}
hibernate-orm, 3768, 2022-01-18 05:14:40 , 404{'message': 'Not Found', 'documentation_url': 'https://docs.github.com/rest/reference/pulls#get-a-pull-request'}
hibernate-orm, 3771, 2022-01-18 05:14:50 , 404{'message': 'Not Found', 'documentation_url': 'https://docs.github.com/rest/reference/pulls#get-a-pull-request'}
hibernate-orm, 3772, 2022-01-18 05:14:51 , 404{'message': 'Not Found', 'documentation_url': 'https://docs.github.com/rest/reference/pulls#get-a-pull-request'}
hibernate-orm, 3773, 2022-01-18 05:14:52 , 404{'message': 'Not Found', 'documentation_url': 'https://docs.github.com/rest/reference/pulls#get-a-pull-request'}
hibernate-orm, 3778, 2022-01-18 05:15:10 , 404{'message': 'Not Found', 'documentation_url': 'https://docs.github.com/rest/reference/pulls#get-a-pull-request'}
hibernate-orm, 3779, 2022-01-18 05:15:10 , 404{'message': 'Not Found', 'documentation_url': 'https://docs.github.com/rest/reference/pulls#get-a-pull-request'}
hibernate-orm, 3780, 2022-01-18 05:15:11 , 404{'message': 'Not Found', 'documentation_url': 'https://docs.github.com/rest/reference/pulls#get-a-pull-request'}
hibernate-orm, 3783, 2022-01-18 05:15:21 , 404{'message': 'Not Found', 'documentation_url': 'https://docs.github.com/rest/reference/pulls#get-a-pull-request'}
hibernate-orm, 3786, 2022-01-18 05:15:30 , 404{'message': 'Not Found', 'documentation_url': 'https://docs.github.com/rest/reference/pulls#get-a-pull-request'}
hibernate-orm, 3787, 2022-01-18 05:15:31 , 404{'message': 'Not Found', 'documentation_url': 'https://docs.github.com/rest/reference/pulls#get-a-pull-request'}
hibernate-orm, 3790, 2022-01-18 05:15:40 , 404{'message': 'Not Found', 'documentation_url': 'https://docs.github.com/rest/reference/pulls#get-a-pull-request'}
hibernate-orm, 3791, 2022-01-18 05:15:41 , 404{'message': 'Not Found', 'documentation_url': 'https://docs.github.com/rest/reference/pulls#get-a-pull-request'}
hibernate-orm, 3805, 2022-01-18 05:16:42 , 404{'message': 'Not Found', 'documentation_url': 'https://docs.github.com/rest/reference/pulls#get-a-pull-request'}
hibernate-orm, 3806, 2022-01-18 05:16:42 , 404{'message': 'Not Found', 'documentation_url': 'https://docs.github.com/rest/reference/pulls#get-a-pull-request'}
hibernate-orm, 3808, 2022-01-18 05:16:48 , 404{'message': 'Not Found', 'documentation_url': 'https://docs.github.com/rest/reference/pulls#get-a-pull-request'}
hibernate-orm, 3809, 2022-01-18 05:16:49 , 404{'message': 'Not Found', 'documentation_url': 'https://docs.github.com/rest/reference/pulls#get-a-pull-request'}
hibernate-orm, 3810, 2022-01-18 05:16:49 , 404{'message': 'Not Found', 'documentation_url': 'https://docs.github.com/rest/reference/pulls#get-a-pull-request'}
hibernate-orm, 3811, 2022-01-18 05:16:50 , 404{'message': 'Not Found', 'documentation_url': 'https://docs.github.com/rest/reference/pulls#get-a-pull-request'}
hibernate-orm, 3819, 2022-01-18 05:17:21 , 404{'message': 'Not Found', 'documentation_url': 'https://docs.github.com/rest/reference/pulls#get-a-pull-request'}
hibernate-orm, 3822, 2022-01-18 05:17:30 , 404{'message': 'Not Found', 'documentation_url': 'https://docs.github.com/rest/reference/pulls#get-a-pull-request'}
hibernate-orm, 3823, 2022-01-18 05:17:31 , 404{'message': 'Not Found', 'documentation_url': 'https://docs.github.com/rest/reference/pulls#get-a-pull-request'}
hibernate-orm, 3830, 2022-01-18 05:17:57 , 404{'message': 'Not Found', 'documentation_url': 'https://docs.github.com/rest/reference/pulls#get-a-pull-request'}
hibernate-orm, 3833, 2022-01-18 05:18:06 , 404{'message': 'Not Found', 'documentation_url': 'https://docs.github.com/rest/reference/pulls#get-a-pull-request'}
hibernate-orm, 3836, 2022-01-18 05:18:16 , 404{'message': 'Not Found', 'documentation_url': 'https://docs.github.com/rest/reference/pulls#get-a-pull-request'}
hibernate-orm, 3846, 2022-01-18 05:18:55 , 404{'message': 'Not Found', 'documentation_url': 'https://docs.github.com/rest/reference/pulls#get-a-pull-request'}
hibernate-orm, 3847, 2022-01-18 05:18:56 , 404{'message': 'Not Found', 'documentation_url': 'https://docs.github.com/rest/reference/pulls#get-a-pull-request'}
hibernate-orm, 3848, 2022-01-18 05:18:57 , 404{'message': 'Not Found', 'documentation_url': 'https://docs.github.com/rest/reference/pulls#get-a-pull-request'}
hibernate-orm, 3849, 2022-01-18 05:18:58 , 404{'message': 'Not Found', 'documentation_url': 'https://docs.github.com/rest/reference/pulls#get-a-pull-request'}
hibernate-orm, 3855, 2022-01-18 05:19:19 , 404{'message': 'Not Found', 'documentation_url': 'https://docs.github.com/rest/reference/pulls#get-a-pull-request'}
hibernate-orm, 3856, 2022-01-18 05:19:20 , 404{'message': 'Not Found', 'documentation_url': 'https://docs.github.com/rest/reference/pulls#get-a-pull-request'}
hibernate-orm, 3865, 2022-01-18 05:20:07 , 404{'message': 'Not Found', 'documentation_url': 'https://docs.github.com/rest/reference/pulls#get-a-pull-request'}
hibernate-orm, 3866, 2022-01-18 05:20:08 , 404{'message': 'Not Found', 'documentation_url': 'https://docs.github.com/rest/reference/pulls#get-a-pull-request'}
hibernate-orm, 3878, 2022-01-18 05:20:56 , 404{'message': 'Not Found', 'documentation_url': 'https://docs.github.com/rest/reference/pulls#get-a-pull-request'}
hibernate-orm, 3879, 2022-01-18 05:20:57 , 404{'message': 'Not Found', 'documentation_url': 'https://docs.github.com/rest/reference/pulls#get-a-pull-request'}
hibernate-orm, 3888, 2022-01-18 05:21:33 , 404{'message': 'Not Found', 'documentation_url': 'https://docs.github.com/rest/reference/pulls#get-a-pull-request'}
hibernate-orm, 3889, 2022-01-18 05:21:34 , 404{'message': 'Not Found', 'documentation_url': 'https://docs.github.com/rest/reference/pulls#get-a-pull-request'}
hibernate-orm, 3890, 2022-01-18 05:21:35 , 404{'message': 'Not Found', 'documentation_url': 'https://docs.github.com/rest/reference/pulls#get-a-pull-request'}
hibernate-orm, 3891, 2022-01-18 05:21:36 , 404{'message': 'Not Found', 'documentation_url': 'https://docs.github.com/rest/reference/pulls#get-a-pull-request'}
hibernate-orm, 3892, 2022-01-18 05:21:37 , 404{'message': 'Not Found', 'documentation_url': 'https://docs.github.com/rest/reference/pulls#get-a-pull-request'}
hibernate-orm, 3893, 2022-01-18 05:21:38 , 404{'message': 'Not Found', 'documentation_url': 'https://docs.github.com/rest/reference/pulls#get-a-pull-request'}
hibernate-orm, 3897, 2022-01-18 05:21:51 , 404{'message': 'Not Found', 'documentation_url': 'https://docs.github.com/rest/reference/pulls#get-a-pull-request'}
hibernate-orm, 3901, 2022-01-18 05:22:04 , 404{'message': 'Not Found', 'documentation_url': 'https://docs.github.com/rest/reference/pulls#get-a-pull-request'}
hibernate-orm, 3902, 2022-01-18 05:22:05 , 404{'message': 'Not Found', 'documentation_url': 'https://docs.github.com/rest/reference/pulls#get-a-pull-request'}
hibernate-orm, 3903, 2022-01-18 05:22:06 , 404{'message': 'Not Found', 'documentation_url': 'https://docs.github.com/rest/reference/pulls#get-a-pull-request'}
hibernate-orm, 3907, 2022-01-18 05:22:20 , 404{'message': 'Not Found', 'documentation_url': 'https://docs.github.com/rest/reference/pulls#get-a-pull-request'}
hibernate-orm, 3908, 2022-01-18 05:22:21 , 404{'message': 'Not Found', 'documentation_url': 'https://docs.github.com/rest/reference/pulls#get-a-pull-request'}
hibernate-orm, 3909, 2022-01-18 05:22:22 , 404{'message': 'Not Found', 'documentation_url': 'https://docs.github.com/rest/reference/pulls#get-a-pull-request'}
hibernate-orm, 3920, 2022-01-18 05:23:17 , 404{'message': 'Not Found', 'documentation_url': 'https://docs.github.com/rest/reference/pulls#get-a-pull-request'}
hibernate-orm, 3921, 2022-01-18 05:23:18 , 404{'message': 'Not Found', 'documentation_url': 'https://docs.github.com/rest/reference/pulls#get-a-pull-request'}
hibernate-orm, 3925, 2022-01-18 05:23:31 , 404{'message': 'Not Found', 'documentation_url': 'https://docs.github.com/rest/reference/pulls#get-a-pull-request'}
hibernate-orm, 3926, 2022-01-18 05:23:32 , 404{'message': 'Not Found', 'documentation_url': 'https://docs.github.com/rest/reference/pulls#get-a-pull-request'}
hibernate-orm, 3931, 2022-01-18 05:23:50 , 404{'message': 'Not Found', 'documentation_url': 'https://docs.github.com/rest/reference/pulls#get-a-pull-request'}
hibernate-orm, 3932, 2022-01-18 05:23:51 , 404{'message': 'Not Found', 'documentation_url': 'https://docs.github.com/rest/reference/pulls#get-a-pull-request'}
hibernate-orm, 3936, 2022-01-18 05:24:04 , 404{'message': 'Not Found', 'documentation_url': 'https://docs.github.com/rest/reference/pulls#get-a-pull-request'}
hibernate-orm, 3937, 2022-01-18 05:24:05 , 404{'message': 'Not Found', 'documentation_url': 'https://docs.github.com/rest/reference/pulls#get-a-pull-request'}
hibernate-orm, 3955, 2022-01-18 05:25:32 , 404{'message': 'Not Found', 'documentation_url': 'https://docs.github.com/rest/reference/pulls#get-a-pull-request'}
hibernate-orm, 3959, 2022-01-18 05:25:46 , 404{'message': 'Not Found', 'documentation_url': 'https://docs.github.com/rest/reference/pulls#get-a-pull-request'}
hibernate-orm, 3960, 2022-01-18 05:25:47 , 404{'message': 'Not Found', 'documentation_url': 'https://docs.github.com/rest/reference/pulls#get-a-pull-request'}
hibernate-orm, 3966, 2022-01-18 05:26:09 , 404{'message': 'Not Found', 'documentation_url': 'https://docs.github.com/rest/reference/pulls#get-a-pull-request'}
hibernate-orm, 3970, 2022-01-18 05:26:22 , 404{'message': 'Not Found', 'documentation_url': 'https://docs.github.com/rest/reference/pulls#get-a-pull-request'}
hibernate-orm, 3971, 2022-01-18 05:26:23 , 404{'message': 'Not Found', 'documentation_url': 'https://docs.github.com/rest/reference/pulls#get-a-pull-request'}
hibernate-orm, 3979, 2022-01-18 05:26:57 , 404{'message': 'Not Found', 'documentation_url': 'https://docs.github.com/rest/reference/pulls#get-a-pull-request'}
hibernate-orm, 3989, 2022-01-18 05:27:38 , 404{'message': 'Not Found', 'documentation_url': 'https://docs.github.com/rest/reference/pulls#get-a-pull-request'}
hibernate-orm, 4007, 2022-01-18 05:28:52 , 404{'message': 'Not Found', 'documentation_url': 'https://docs.github.com/rest/reference/pulls#get-a-pull-request'}
hibernate-orm, 4017, 2022-01-18 05:29:33 , 404{'message': 'Not Found', 'documentation_url': 'https://docs.github.com/rest/reference/pulls#get-a-pull-request'}
hibernate-orm, 4028, 2022-01-18 05:30:19 , 404{'message': 'Not Found', 'documentation_url': 'https://docs.github.com/rest/reference/pulls#get-a-pull-request'}
hibernate-orm, 4029, 2022-01-18 05:30:20 , 404{'message': 'Not Found', 'documentation_url': 'https://docs.github.com/rest/reference/pulls#get-a-pull-request'}
hibernate-orm, 4062, 2022-01-18 05:32:52 , 404{'message': 'Not Found', 'documentation_url': 'https://docs.github.com/rest/reference/pulls#get-a-pull-request'}
hibernate-orm, 4071, 2022-01-18 05:33:27 , 404{'message': 'Not Found', 'documentation_url': 'https://docs.github.com/rest/reference/pulls#get-a-pull-request'}
hibernate-orm, 4072, 2022-01-18 05:33:28 , 404{'message': 'Not Found', 'documentation_url': 'https://docs.github.com/rest/reference/pulls#get-a-pull-request'}
hibernate-orm, 4077, 2022-01-18 05:33:47 , 404{'message': 'Not Found', 'documentation_url': 'https://docs.github.com/rest/reference/pulls#get-a-pull-request'}
hibernate-orm, 4088, 2022-01-18 05:34:30 , 404{'message': 'Not Found', 'documentation_url': 'https://docs.github.com/rest/reference/pulls#get-a-pull-request'}
hibernate-orm, 4094, 2022-01-18 05:34:53 , 404{'message': 'Not Found', 'documentation_url': 'https://docs.github.com/rest/reference/pulls#get-a-pull-request'}
hibernate-orm, 4095, 2022-01-18 05:34:54 , 404{'message': 'Not Found', 'documentation_url': 'https://docs.github.com/rest/reference/pulls#get-a-pull-request'}
hibernate-orm, 4108, 2022-01-18 05:35:47 , 404{'message': 'Not Found', 'documentation_url': 'https://docs.github.com/rest/reference/pulls#get-a-pull-request'}
hibernate-orm, 4110, 2022-01-18 05:35:53 , 404{'message': 'Not Found', 'documentation_url': 'https://docs.github.com/rest/reference/pulls#get-a-pull-request'}
hibernate-orm, 4111, 2022-01-18 05:35:54 , 404{'message': 'Not Found', 'documentation_url': 'https://docs.github.com/rest/reference/pulls#get-a-pull-request'}
hibernate-orm, 4127, 2022-01-18 10:57:15 , 404{'message': 'Not Found', 'documentation_url': 'https://docs.github.com/rest/reference/pulls#get-a-pull-request'}
hibernate-orm, 4148, 2022-01-18 10:58:41 , 404{'message': 'Not Found', 'documentation_url': 'https://docs.github.com/rest/reference/pulls#get-a-pull-request'}
hibernate-orm, 4149, 2022-01-18 10:58:42 , 404{'message': 'Not Found', 'documentation_url': 'https://docs.github.com/rest/reference/pulls#get-a-pull-request'}
hibernate-orm, 4150, 2022-01-18 10:58:43 , 404{'message': 'Not Found', 'documentation_url': 'https://docs.github.com/rest/reference/pulls#get-a-pull-request'}
hibernate-orm, 4151, 2022-01-18 10:58:44 , 404{'message': 'Not Found', 'documentation_url': 'https://docs.github.com/rest/reference/pulls#get-a-pull-request'}
hibernate-orm, 4159, 2022-01-18 10:59:14 , 404{'message': 'Not Found', 'documentation_url': 'https://docs.github.com/rest/reference/pulls#get-a-pull-request'}
hibernate-orm, 4160, 2022-01-18 10:59:15 , 404{'message': 'Not Found', 'documentation_url': 'https://docs.github.com/rest/reference/pulls#get-a-pull-request'}
hibernate-orm, 4161, 2022-01-18 10:59:16 , 404{'message': 'Not Found', 'documentation_url': 'https://docs.github.com/rest/reference/pulls#get-a-pull-request'}
hibernate-orm, 4162, 2022-01-18 10:59:17 , 404{'message': 'Not Found', 'documentation_url': 'https://docs.github.com/rest/reference/pulls#get-a-pull-request'}
hibernate-orm, 4184, 2022-01-18 11:00:48 , 404{'message': 'Not Found', 'documentation_url': 'https://docs.github.com/rest/reference/pulls#get-a-pull-request'}
hibernate-orm, 4197, 2022-01-18 11:01:40 , 404{'message': 'Not Found', 'documentation_url': 'https://docs.github.com/rest/reference/pulls#get-a-pull-request'}
hibernate-orm, 4198, 2022-01-18 11:01:41 , 404{'message': 'Not Found', 'documentation_url': 'https://docs.github.com/rest/reference/pulls#get-a-pull-request'}
hibernate-orm, 4201, 2022-01-18 11:01:50 , 404{'message': 'Not Found', 'documentation_url': 'https://docs.github.com/rest/reference/pulls#get-a-pull-request'}
hibernate-orm, 4207, 2022-01-18 11:02:13 , 404{'message': 'Not Found', 'documentation_url': 'https://docs.github.com/rest/reference/pulls#get-a-pull-request'}
hibernate-orm, 4211, 2022-01-18 11:02:43 , 404{'message': 'Not Found', 'documentation_url': 'https://docs.github.com/rest/reference/pulls#get-a-pull-request'}
hibernate-orm, 4212, 2022-01-18 11:02:44 , 404{'message': 'Not Found', 'documentation_url': 'https://docs.github.com/rest/reference/pulls#get-a-pull-request'}
hibernate-orm, 4246, 2022-01-18 11:05:12 , 404{'message': 'Not Found', 'documentation_url': 'https://docs.github.com/rest/reference/pulls#get-a-pull-request'}
hibernate-orm, 4247, 2022-01-18 11:05:13 , 404{'message': 'Not Found', 'documentation_url': 'https://docs.github.com/rest/reference/pulls#get-a-pull-request'}
hibernate-orm, 4248, 2022-01-18 11:05:14 , 404{'message': 'Not Found', 'documentation_url': 'https://docs.github.com/rest/reference/pulls#get-a-pull-request'}
hibernate-orm, 4249, 2022-01-18 11:05:15 , 404{'message': 'Not Found', 'documentation_url': 'https://docs.github.com/rest/reference/pulls#get-a-pull-request'}
hibernate-orm, 4250, 2022-01-18 11:05:16 , 404{'message': 'Not Found', 'documentation_url': 'https://docs.github.com/rest/reference/pulls#get-a-pull-request'}
hibernate-orm, 4251, 2022-01-18 11:05:17 , 404{'message': 'Not Found', 'documentation_url': 'https://docs.github.com/rest/reference/pulls#get-a-pull-request'}
hibernate-orm, 4266, 2022-01-18 11:06:20 , 404{'message': 'Not Found', 'documentation_url': 'https://docs.github.com/rest/reference/pulls#get-a-pull-request'}
hibernate-orm, 4267, 2022-01-18 11:06:21 , 404{'message': 'Not Found', 'documentation_url': 'https://docs.github.com/rest/reference/pulls#get-a-pull-request'}
hibernate-orm, 4285, 2022-01-18 11:07:35 , 404{'message': 'Not Found', 'documentation_url': 'https://docs.github.com/rest/reference/pulls#get-a-pull-request'}
hibernate-orm, 4286, 2022-01-18 11:07:36 , 404{'message': 'Not Found', 'documentation_url': 'https://docs.github.com/rest/reference/pulls#get-a-pull-request'}
hibernate-orm, 4297, 2022-01-18 11:08:20 , 404{'message': 'Not Found', 'documentation_url': 'https://docs.github.com/rest/reference/pulls#get-a-pull-request'}
hibernate-orm, 4323, 2022-01-18 11:10:09 , 404{'message': 'Not Found', 'documentation_url': 'https://docs.github.com/rest/reference/pulls#get-a-pull-request'}
hibernate-orm, 4324, 2022-01-18 11:10:10 , 404{'message': 'Not Found', 'documentation_url': 'https://docs.github.com/rest/reference/pulls#get-a-pull-request'}
hibernate-orm, 4325, 2022-01-18 11:10:11 , 404{'message': 'Not Found', 'documentation_url': 'https://docs.github.com/rest/reference/pulls#get-a-pull-request'}
hibernate-orm, 4326, 2022-01-18 11:10:12 , 404{'message': 'Not Found', 'documentation_url': 'https://docs.github.com/rest/reference/pulls#get-a-pull-request'}
hibernate-orm, 4361, 2022-01-18 11:12:44 , 404{'message': 'Not Found', 'documentation_url': 'https://docs.github.com/rest/reference/pulls#get-a-pull-request'}
hibernate-orm, 4386, 2022-01-18 11:14:29 , 404{'message': 'Not Found', 'documentation_url': 'https://docs.github.com/rest/reference/pulls#get-a-pull-request'}
hibernate-orm, 4387, 2022-01-18 11:14:30 , 404{'message': 'Not Found', 'documentation_url': 'https://docs.github.com/rest/reference/pulls#get-a-pull-request'}
hibernate-orm, 4391, 2022-01-18 11:14:43 , 404{'message': 'Not Found', 'documentation_url': 'https://docs.github.com/rest/reference/pulls#get-a-pull-request'}
hibernate-orm, 4395, 2022-01-18 11:14:57 , 404{'message': 'Not Found', 'documentation_url': 'https://docs.github.com/rest/reference/pulls#get-a-pull-request'}
hibernate-orm, 4396, 2022-01-18 11:14:58 , 404{'message': 'Not Found', 'documentation_url': 'https://docs.github.com/rest/reference/pulls#get-a-pull-request'}
hibernate-orm, 4397, 2022-01-18 11:14:59 , 404{'message': 'Not Found', 'documentation_url': 'https://docs.github.com/rest/reference/pulls#get-a-pull-request'}
hibernate-orm, 4398, 2022-01-18 11:15:00 , 404{'message': 'Not Found', 'documentation_url': 'https://docs.github.com/rest/reference/pulls#get-a-pull-request'}
hibernate-orm, 4421, 2022-01-18 11:16:34 , 404{'message': 'Not Found', 'documentation_url': 'https://docs.github.com/rest/reference/pulls#get-a-pull-request'}
hibernate-orm, 4422, 2022-01-18 11:16:35 , 404{'message': 'Not Found', 'documentation_url': 'https://docs.github.com/rest/reference/pulls#get-a-pull-request'}
hibernate-orm, 4426, 2022-01-18 11:16:48 , 404{'message': 'Not Found', 'documentation_url': 'https://docs.github.com/rest/reference/pulls#get-a-pull-request'}
hibernate-orm, 4427, 2022-01-18 11:16:49 , 404{'message': 'Not Found', 'documentation_url': 'https://docs.github.com/rest/reference/pulls#get-a-pull-request'}
hibernate-orm, 4430, 2022-01-18 11:16:59 , 404{'message': 'Not Found', 'documentation_url': 'https://docs.github.com/rest/reference/pulls#get-a-pull-request'}
hibernate-orm, 4452, 2022-01-18 11:18:29 , 404{'message': 'Not Found', 'documentation_url': 'https://docs.github.com/rest/reference/pulls#get-a-pull-request'}
hibernate-orm, 4453, 2022-01-18 11:18:30 , 404{'message': 'Not Found', 'documentation_url': 'https://docs.github.com/rest/reference/pulls#get-a-pull-request'}
hibernate-orm, 4454, 2022-01-18 11:18:31 , 404{'message': 'Not Found', 'documentation_url': 'https://docs.github.com/rest/reference/pulls#get-a-pull-request'}
hibernate-orm, 4463, 2022-01-18 11:19:06 , 404{'message': 'Not Found', 'documentation_url': 'https://docs.github.com/rest/reference/pulls#get-a-pull-request'}
hibernate-orm, 4483, 2022-01-18 11:20:27 , 404{'message': 'Not Found', 'documentation_url': 'https://docs.github.com/rest/reference/pulls#get-a-pull-request'}
hibernate-orm, 4501, 2022-01-18 11:21:39 , 404{'message': 'Not Found', 'documentation_url': 'https://docs.github.com/rest/reference/pulls#get-a-pull-request'}
hibernate-orm, 4519, 2022-01-18 11:22:53 , 404{'message': 'Not Found', 'documentation_url': 'https://docs.github.com/rest/reference/pulls#get-a-pull-request'}
hibernate-orm, 4520, 2022-01-18 11:22:54 , 404{'message': 'Not Found', 'documentation_url': 'https://docs.github.com/rest/reference/pulls#get-a-pull-request'}
hibernate-orm, 4526, 2022-01-18 11:23:16 , 404{'message': 'Not Found', 'documentation_url': 'https://docs.github.com/rest/reference/pulls#get-a-pull-request'}
hibernate-orm, 4528, 2022-01-18 11:23:21 , 404{'message': 'Not Found', 'documentation_url': 'https://docs.github.com/rest/reference/pulls#get-a-pull-request'}
hibernate-orm, 4535, 2022-01-18 11:23:48 , 404{'message': 'Not Found', 'documentation_url': 'https://docs.github.com/rest/reference/pulls#get-a-pull-request'}
hibernate-orm, 4539, 2022-01-18 11:24:01 , 404{'message': 'Not Found', 'documentation_url': 'https://docs.github.com/rest/reference/pulls#get-a-pull-request'}
hibernate-orm, 4544, 2022-01-18 11:24:19 , 404{'message': 'Not Found', 'documentation_url': 'https://docs.github.com/rest/reference/pulls#get-a-pull-request'}
hibernate-orm, 4591, 2022-01-18 11:27:36 , 404{'message': 'Not Found', 'documentation_url': 'https://docs.github.com/rest/reference/pulls#get-a-pull-request'}
hibernate-orm, 4592, 2022-01-18 11:27:37 , 404{'message': 'Not Found', 'documentation_url': 'https://docs.github.com/rest/reference/pulls#get-a-pull-request'}
hibernate-orm, 4593, 2022-01-18 11:27:39 , 404{'message': 'Not Found', 'documentation_url': 'https://docs.github.com/rest/reference/pulls#get-a-pull-request'}
hibernate-orm, 4594, 2022-01-18 11:27:40 , 404{'message': 'Not Found', 'documentation_url': 'https://docs.github.com/rest/reference/pulls#get-a-pull-request'}
hibernate-orm, 4596, 2022-01-18 11:27:45 , 404{'message': 'Not Found', 'documentation_url': 'https://docs.github.com/rest/reference/pulls#get-a-pull-request'}
hibernate-orm, 4597, 2022-01-18 11:27:46 , 404{'message': 'Not Found', 'documentation_url': 'https://docs.github.com/rest/reference/pulls#get-a-pull-request'}
hibernate-orm, 4610, 2022-01-18 11:28:37 , 404{'message': 'Not Found', 'documentation_url': 'https://docs.github.com/rest/reference/pulls#get-a-pull-request'}
hibernate-orm, 4616, 2022-01-18 11:28:59 , 404{'message': 'Not Found', 'documentation_url': 'https://docs.github.com/rest/reference/pulls#get-a-pull-request'}
hibernate-orm, 4621, 2022-01-18 11:29:17 , 404{'message': 'Not Found', 'documentation_url': 'https://docs.github.com/rest/reference/pulls#get-a-pull-request'}
hibernate-orm, 4622, 2022-01-18 11:29:18 , 404{'message': 'Not Found', 'documentation_url': 'https://docs.github.com/rest/reference/pulls#get-a-pull-request'}
hibernate-orm, 4623, 2022-01-18 11:29:18 , 404{'message': 'Not Found', 'documentation_url': 'https://docs.github.com/rest/reference/pulls#get-a-pull-request'}
hibernate-orm, 4629, 2022-01-18 11:29:41 , 404{'message': 'Not Found', 'documentation_url': 'https://docs.github.com/rest/reference/pulls#get-a-pull-request'}
hibernate-orm, 4630, 2022-01-18 11:29:42 , 404{'message': 'Not Found', 'documentation_url': 'https://docs.github.com/rest/reference/pulls#get-a-pull-request'}
hibernate-orm, 4633, 2022-01-18 11:29:51 , 404{'message': 'Not Found', 'documentation_url': 'https://docs.github.com/rest/reference/pulls#get-a-pull-request'}
hibernate-orm, 4651, 2022-01-18 11:31:05 , 404{'message': 'Not Found', 'documentation_url': 'https://docs.github.com/rest/reference/pulls#get-a-pull-request'}
hibernate-orm, 4652, 2022-01-18 11:31:06 , 404{'message': 'Not Found', 'documentation_url': 'https://docs.github.com/rest/reference/pulls#get-a-pull-request'}
hibernate-orm, 4656, 2022-01-18 11:31:20 , 404{'message': 'Not Found', 'documentation_url': 'https://docs.github.com/rest/reference/pulls#get-a-pull-request'}
hibernate-orm, 4657, 2022-01-18 11:31:21 , 404{'message': 'Not Found', 'documentation_url': 'https://docs.github.com/rest/reference/pulls#get-a-pull-request'}
hibernate-orm, 4658, 2022-01-18 11:31:22 , 404{'message': 'Not Found', 'documentation_url': 'https://docs.github.com/rest/reference/pulls#get-a-pull-request'}
hibernate-orm, 4659, 2022-01-18 11:31:23 , 404{'message': 'Not Found', 'documentation_url': 'https://docs.github.com/rest/reference/pulls#get-a-pull-request'}
hibernate-orm, 4656, 2022-01-18 12:01:50 , 404{'message': 'Not Found', 'documentation_url': 'https://docs.github.com/rest/reference/pulls#get-a-pull-request'}
hibernate-orm, 4657, 2022-01-18 12:01:51 , 404{'message': 'Not Found', 'documentation_url': 'https://docs.github.com/rest/reference/pulls#get-a-pull-request'}
hibernate-orm, 4658, 2022-01-18 12:01:52 , 404{'message': 'Not Found', 'documentation_url': 'https://docs.github.com/rest/reference/pulls#get-a-pull-request'}
hibernate-orm, 4659, 2022-01-18 12:01:54 , 404{'message': 'Not Found', 'documentation_url': 'https://docs.github.com/rest/reference/pulls#get-a-pull-request'}
hibernate-orm, 4656, 2022-01-18 14:07:18 , 404{'message': 'Not Found', 'documentation_url': 'https://docs.github.com/rest/reference/pulls#get-a-pull-request'}
hibernate-orm, 4657, 2022-01-18 14:07:19 , 404{'message': 'Not Found', 'documentation_url': 'https://docs.github.com/rest/reference/pulls#get-a-pull-request'}
hibernate-orm, 4658, 2022-01-18 14:07:20 , 404{'message': 'Not Found', 'documentation_url': 'https://docs.github.com/rest/reference/pulls#get-a-pull-request'}
hibernate-orm, 4659, 2022-01-18 14:07:21 , 404{'message': 'Not Found', 'documentation_url': 'https://docs.github.com/rest/reference/pulls#get-a-pull-request'}
hibernate-orm, 4656, 2022-01-18 23:42:00 , 404{'message': 'Not Found', 'documentation_url': 'https://docs.github.com/rest/reference/pulls#get-a-pull-request'}
